investor_id,total_transactions,avg_gap_days,max_gap_days,risk_flag
INV000002,6,82.8,114,at-risk
INV000004,9,53.4,265,at-risk
INV000005,8,52.0,167,at-risk
INV000006,6,99.0,295,at-risk
INV000008,8,50.3,107,at-risk
INV000009,7,80.8,162,at-risk
INV000010,11,32.8,121,at-risk
INV000011,11,45.2,122,at-risk
INV000012,11,41.4,104,at-risk
INV000013,10,36.9,99,at-risk
INV000014,11,47.1,119,at-risk
INV000020,6,57.8,122,at-risk
INV000021,6,75.4,137,at-risk
INV000022,6,95.8,178,at-risk
INV000023,10,45.6,115,at-risk
INV000024,8,43.3,167,at-risk
INV000026,7,72.3,145,at-risk
INV000027,7,58.5,140,at-risk
INV000028,9,58.5,232,at-risk
INV000029,11,36.4,71,at-risk
INV000030,12,38.3,92,at-risk
INV000031,6,85.0,262,at-risk
INV000032,8,67.7,166,at-risk
INV000033,11,46.2,87,at-risk
INV000038,7,64.2,183,at-risk
INV000039,8,52.9,94,at-risk
INV000040,10,51.6,118,at-risk
INV000041,6,68.6,144,at-risk
INV000044,6,89.0,290,at-risk
INV000045,10,39.2,70,at-risk
INV000046,7,72.0,292,at-risk
INV000048,11,36.8,120,at-risk
INV000051,6,63.2,167,at-risk
INV000052,10,46.0,129,at-risk
INV000054,7,56.0,103,at-risk
INV000055,12,36.4,107,at-risk
INV000056,8,66.9,161,at-risk
INV000057,11,34.8,65,at-risk
INV000058,7,56.8,121,at-risk
INV000062,8,66.3,148,at-risk
INV000065,6,91.8,122,at-risk
INV000066,7,40.8,115,at-risk
INV000069,12,40.2,110,at-risk
INV000071,7,14.3,56,at-risk
INV000072,10,46.7,188,at-risk
INV000073,10,45.7,112,at-risk
INV000074,11,50.8,191,at-risk
INV000075,7,62.3,87,at-risk
INV000076,9,58.4,148,at-risk
INV000079,9,56.1,120,at-risk
INV000081,11,48.8,167,at-risk
INV000082,9,62.8,225,at-risk
INV000084,7,76.5,155,at-risk
INV000085,8,52.1,135,at-risk
INV000086,12,36.5,102,at-risk
INV000087,10,51.6,103,at-risk
INV000089,11,49.1,130,at-risk
INV000090,7,48.5,148,at-risk
INV000091,12,45.6,112,at-risk
INV000093,10,49.3,111,at-risk
INV000094,11,44.8,173,at-risk
INV000095,9,52.4,155,at-risk
INV000097,11,45.7,183,at-risk
INV000098,7,66.8,111,at-risk
INV000099,8,52.4,178,at-risk
INV000100,8,61.4,155,at-risk
INV000101,12,42.2,102,at-risk
INV000102,11,45.7,97,at-risk
INV000103,8,63.9,137,at-risk
INV000104,12,45.0,79,at-risk
INV000105,10,44.3,87,at-risk
INV000108,9,45.6,165,at-risk
INV000109,10,41.1,63,at-risk
INV000113,9,55.6,144,at-risk
INV000115,6,94.0,136,at-risk
INV000117,8,54.9,124,at-risk
INV000118,6,50.6,152,at-risk
INV000123,9,44.8,138,at-risk
INV000124,6,86.8,210,at-risk
INV000125,7,57.2,92,at-risk
INV000128,10,45.6,129,at-risk
INV000129,11,49.1,105,at-risk
INV000130,10,38.2,97,at-risk
INV000131,12,37.7,64,at-risk
INV000132,9,46.1,125,at-risk
INV000133,7,73.5,265,at-risk
INV000137,9,41.8,73,at-risk
INV000138,12,45.4,170,at-risk
INV000143,7,51.3,146,at-risk
INV000144,6,73.0,193,at-risk
INV000145,9,55.9,98,at-risk
INV000146,8,47.7,109,at-risk
INV000147,7,58.0,141,at-risk
INV000148,10,46.2,168,at-risk
INV000150,9,58.0,165,at-risk
INV000151,6,66.8,115,at-risk
INV000153,10,31.4,93,at-risk
INV000154,9,59.1,99,at-risk
INV000155,8,55.3,163,at-risk
INV000156,7,79.8,130,at-risk
INV000158,8,63.7,118,at-risk
INV000161,9,54.8,191,at-risk
INV000163,10,47.4,80,at-risk
INV000164,6,61.8,208,at-risk
INV000165,9,58.9,236,at-risk
INV000166,6,99.6,253,at-risk
INV000167,9,63.0,195,at-risk
INV000169,12,41.2,121,at-risk
INV000173,11,34.6,156,at-risk
INV000174,8,68.3,117,at-risk
INV000175,12,45.6,150,at-risk
INV000177,11,45.8,210,at-risk
INV000179,6,35.8,85,at-risk
INV000180,8,47.9,226,at-risk
INV000181,10,52.3,264,at-risk
INV000182,10,55.2,182,at-risk
INV000183,12,41.5,177,at-risk
INV000189,6,91.6,120,at-risk
INV000190,8,65.7,240,at-risk
INV000191,11,42.4,85,at-risk
INV000192,8,57.0,122,at-risk
INV000193,9,58.2,208,at-risk
INV000194,12,33.7,109,at-risk
INV000195,10,45.8,114,at-risk
INV000196,9,56.8,147,at-risk
INV000199,7,64.3,191,at-risk
INV000200,7,69.8,163,at-risk
INV000201,10,48.7,100,at-risk
INV000203,9,39.9,131,at-risk
INV000204,7,69.0,173,at-risk
INV000205,10,48.7,193,at-risk
INV000210,9,61.9,163,at-risk
INV000211,9,61.0,190,at-risk
INV000213,6,54.0,103,at-risk
INV000214,10,52.7,206,at-risk
INV000215,9,56.4,198,at-risk
INV000216,6,53.0,107,at-risk
INV000217,11,46.0,150,at-risk
INV000220,6,80.6,253,at-risk
INV000221,8,38.4,101,at-risk
INV000222,6,45.6,109,at-risk
INV000223,11,49.8,123,at-risk
INV000224,7,57.5,138,at-risk
INV000225,8,53.7,150,at-risk
INV000226,8,69.6,105,at-risk
INV000228,12,43.5,109,at-risk
INV000229,7,46.3,78,at-risk
INV000230,10,50.7,145,at-risk
INV000231,11,34.1,96,at-risk
INV000234,7,81.2,167,at-risk
INV000235,10,42.1,140,at-risk
INV000236,8,67.1,112,at-risk
INV000238,10,52.0,242,at-risk
INV000239,11,34.2,66,at-risk
INV000241,10,40.9,93,at-risk
INV000242,10,49.6,98,at-risk
INV000243,8,63.0,126,at-risk
INV000244,9,34.0,109,at-risk
INV000245,11,46.1,92,at-risk
INV000249,8,39.0,162,at-risk
INV000251,6,65.0,204,at-risk
INV000252,10,36.8,96,at-risk
INV000255,8,56.0,149,at-risk
INV000256,12,38.5,79,at-risk
INV000257,8,53.3,88,at-risk
INV000259,9,44.1,119,at-risk
INV000260,12,37.9,126,at-risk
INV000261,10,50.4,228,at-risk
INV000262,12,34.1,95,at-risk
INV000263,9,59.9,229,at-risk
INV000265,12,43.7,140,at-risk
INV000266,7,62.2,104,at-risk
INV000267,12,34.5,134,at-risk
INV000268,11,43.2,106,at-risk
INV000270,6,48.8,130,at-risk
INV000271,6,93.6,203,at-risk
INV000274,6,89.2,175,at-risk
INV000276,6,68.4,187,at-risk
INV000278,8,67.0,193,at-risk
INV000279,12,31.5,133,at-risk
INV000280,12,40.5,112,at-risk
INV000283,11,46.5,132,at-risk
INV000284,7,63.7,137,at-risk
INV000286,7,79.5,215,at-risk
INV000287,9,52.4,171,at-risk
INV000288,9,57.1,84,at-risk
INV000289,12,39.9,93,at-risk
INV000291,9,55.6,189,at-risk
INV000292,11,35.8,85,at-risk
INV000293,12,45.5,126,at-risk
INV000294,7,62.3,156,at-risk
INV000296,8,58.6,111,at-risk
INV000297,9,56.6,116,at-risk
INV000298,6,74.0,118,at-risk
INV000299,11,48.8,118,at-risk
INV000301,7,45.7,92,at-risk
INV000303,6,88.4,160,at-risk
INV000304,10,53.1,204,at-risk
INV000305,9,44.0,122,at-risk
INV000307,7,75.7,162,at-risk
INV000308,7,82.7,212,at-risk
INV000309,12,41.5,93,at-risk
INV000310,12,41.4,77,at-risk
INV000312,8,68.4,140,at-risk
INV000314,9,50.2,106,at-risk
INV000316,6,77.0,184,at-risk
INV000318,8,69.6,124,at-risk
INV000319,9,55.1,189,at-risk
INV000320,12,38.2,94,at-risk
INV000321,12,44.3,117,at-risk
INV000323,6,59.6,129,at-risk
INV000326,6,74.4,201,at-risk
INV000328,12,29.5,67,at-risk
INV000330,9,55.6,133,at-risk
INV000331,11,47.7,163,at-risk
INV000332,6,64.4,208,at-risk
INV000333,6,90.2,174,at-risk
INV000334,12,26.6,78,at-risk
INV000335,11,48.0,163,at-risk
INV000337,7,69.0,192,at-risk
INV000339,10,57.1,180,at-risk
INV000340,6,25.6,60,at-risk
INV000341,11,46.1,191,at-risk
INV000344,10,41.2,155,at-risk
INV000346,6,52.8,111,at-risk
INV000349,11,45.2,103,at-risk
INV000351,8,49.6,142,at-risk
INV000352,6,64.6,215,at-risk
INV000354,7,78.2,120,at-risk
INV000356,8,38.9,157,at-risk
INV000359,10,48.1,112,at-risk
INV000360,9,61.1,124,at-risk
INV000361,6,46.0,108,at-risk
INV000363,8,66.0,141,at-risk
INV000366,8,35.1,150,at-risk
INV000369,8,37.7,112,at-risk
INV000370,6,93.4,257,at-risk
INV000371,11,41.5,147,at-risk
INV000372,10,42.9,121,at-risk
INV000374,8,55.9,173,at-risk
INV000377,8,61.4,202,at-risk
INV000378,6,47.0,88,at-risk
INV000380,7,80.8,191,at-risk
INV000383,10,52.3,127,at-risk
INV000384,7,57.8,110,at-risk
INV000387,9,48.0,108,at-risk
INV000388,10,47.7,97,at-risk
INV000389,6,95.0,220,at-risk
INV000390,8,52.4,79,at-risk
INV000392,12,42.7,144,at-risk
INV000393,7,75.3,156,at-risk
INV000394,11,44.1,174,at-risk
INV000395,9,51.5,119,at-risk
INV000396,12,44.6,95,at-risk
INV000397,6,87.2,205,at-risk
INV000399,11,44.6,68,at-risk
INV000400,10,34.8,82,at-risk
INV000402,7,47.0,121,at-risk
INV000403,11,43.2,120,at-risk
INV000407,8,66.7,157,at-risk
INV000408,7,55.5,125,at-risk
INV000410,8,56.3,152,at-risk
INV000411,6,57.4,101,at-risk
INV000412,9,38.2,69,at-risk
INV000413,10,51.6,159,at-risk
INV000414,11,46.4,219,at-risk
INV000415,10,52.7,128,at-risk
INV000417,7,52.2,157,at-risk
INV000418,9,55.6,126,at-risk
INV000421,7,80.2,202,at-risk
INV000425,7,56.3,215,at-risk
INV000427,11,41.1,82,at-risk
INV000428,11,48.1,154,at-risk
INV000429,8,55.6,171,at-risk
INV000430,6,94.6,264,at-risk
INV000431,8,59.3,98,at-risk
INV000432,7,78.3,195,at-risk
INV000436,6,58.4,170,at-risk
INV000437,9,61.1,277,at-risk
INV000439,12,34.5,68,at-risk
INV000440,12,44.8,116,at-risk
INV000441,8,60.7,151,at-risk
INV000444,11,36.6,97,at-risk
INV000445,11,46.2,104,at-risk
INV000446,10,40.9,95,at-risk
INV000449,8,69.7,142,at-risk
INV000452,12,35.9,93,at-risk
INV000453,8,42.0,108,at-risk
INV000454,6,93.0,291,at-risk
INV000456,6,47.4,75,at-risk
INV000457,12,41.5,151,at-risk
INV000458,12,42.0,92,at-risk
INV000460,12,43.1,227,at-risk
INV000463,10,43.4,76,at-risk
INV000466,10,48.9,135,at-risk
INV000467,10,56.7,272,at-risk
INV000469,12,38.5,104,at-risk
INV000473,8,49.6,190,at-risk
INV000477,10,44.7,93,at-risk
INV000480,9,56.6,164,at-risk
INV000481,10,52.1,117,at-risk
INV000482,10,47.0,202,at-risk
INV000483,11,49.3,216,at-risk
INV000485,6,85.8,270,at-risk
INV000487,7,76.5,121,at-risk
INV000488,7,75.2,203,at-risk
INV000491,12,43.2,136,at-risk
INV000492,7,74.3,143,at-risk
INV000493,12,38.9,178,at-risk
INV000494,7,55.2,162,at-risk
INV000495,12,38.5,142,at-risk
INV000496,7,54.2,167,at-risk
INV000497,10,54.2,176,at-risk
INV000499,9,58.4,126,at-risk
INV000500,8,52.9,119,at-risk
INV000505,6,82.0,120,at-risk
INV000507,9,56.4,136,at-risk
INV000511,8,62.6,206,at-risk
INV000512,12,42.5,112,at-risk
INV000514,8,43.1,135,at-risk
INV000519,6,74.2,149,at-risk
INV000520,6,68.2,156,at-risk
INV000521,9,43.2,73,at-risk
INV000522,12,45.8,87,at-risk
INV000523,10,53.1,206,at-risk
INV000524,10,41.2,91,at-risk
INV000525,8,49.1,126,at-risk
INV000526,10,44.3,107,at-risk
INV000527,11,50.2,148,at-risk
INV000529,11,41.3,117,at-risk
INV000531,11,28.4,82,at-risk
INV000532,11,48.3,89,at-risk
INV000533,8,65.7,225,at-risk
INV000535,6,97.4,263,at-risk
INV000539,9,57.8,153,at-risk
INV000540,11,48.4,123,at-risk
INV000543,8,71.7,170,at-risk
INV000544,8,62.3,152,at-risk
INV000545,10,50.7,107,at-risk
INV000546,12,40.0,140,at-risk
INV000547,12,43.7,157,at-risk
INV000548,8,67.3,186,at-risk
INV000549,10,53.4,146,at-risk
INV000552,10,55.1,95,at-risk
INV000553,7,60.0,172,at-risk
INV000554,10,39.0,102,at-risk
INV000556,11,41.3,147,at-risk
INV000557,6,88.0,294,at-risk
INV000558,8,61.4,171,at-risk
INV000562,7,62.0,197,at-risk
INV000563,12,41.6,95,at-risk
INV000566,12,39.6,122,at-risk
INV000567,12,40.5,121,at-risk
INV000568,9,39.0,99,at-risk
INV000569,12,42.2,88,at-risk
INV000570,11,47.1,93,at-risk
INV000573,12,27.7,93,at-risk
INV000575,8,52.7,155,at-risk
INV000576,9,52.8,190,at-risk
INV000577,11,43.4,169,at-risk
INV000578,12,45.8,113,at-risk
INV000580,9,49.2,92,at-risk
INV000581,12,42.7,128,at-risk
INV000583,9,51.8,133,at-risk
INV000584,8,63.9,153,at-risk
INV000585,9,61.1,130,at-risk
INV000586,12,44.5,223,at-risk
INV000587,12,33.8,112,at-risk
INV000589,11,47.3,90,at-risk
INV000591,8,55.3,112,at-risk
INV000593,11,43.8,86,at-risk
INV000595,10,53.4,106,at-risk
INV000596,12,43.3,101,at-risk
INV000597,8,63.3,142,at-risk
INV000598,6,93.6,170,at-risk
INV000599,10,54.3,158,at-risk
INV000600,6,88.8,156,at-risk
INV000601,10,32.7,97,at-risk
INV000602,10,45.8,128,at-risk
INV000604,10,42.6,75,at-risk
INV000606,12,38.3,148,at-risk
INV000607,10,50.2,145,at-risk
INV000608,7,83.5,241,at-risk
INV000609,12,26.1,77,at-risk
INV000611,6,69.2,121,at-risk
INV000612,12,44.8,169,at-risk
INV000614,7,26.0,65,at-risk
INV000615,9,46.1,139,at-risk
INV000616,9,61.5,185,at-risk
INV000619,9,26.0,73,at-risk
INV000621,10,47.1,105,at-risk
INV000623,10,48.4,143,at-risk
INV000624,9,43.8,145,at-risk
INV000625,12,41.5,91,at-risk
INV000626,6,73.4,134,at-risk
INV000629,6,75.6,276,at-risk
INV000630,9,54.2,142,at-risk
INV000631,9,41.4,82,at-risk
INV000633,6,86.2,120,at-risk
INV000634,11,41.8,90,at-risk
INV000635,8,53.6,221,at-risk
INV000636,6,54.4,160,at-risk
INV000637,6,64.2,154,at-risk
INV000638,8,71.0,138,at-risk
INV000639,11,50.8,129,at-risk
INV000641,8,44.9,126,at-risk
INV000642,11,50.2,139,at-risk
INV000643,7,51.5,127,at-risk
INV000644,6,69.4,313,at-risk
INV000645,12,30.0,88,at-risk
INV000646,12,37.6,96,at-risk
INV000649,10,52.2,230,at-risk
INV000651,8,70.9,280,at-risk
INV000652,12,43.4,154,at-risk
INV000654,6,91.4,166,at-risk
INV000656,7,62.3,116,at-risk
INV000657,10,50.3,95,at-risk
INV000658,9,47.4,153,at-risk
INV000660,6,42.0,99,at-risk
INV000661,8,60.4,106,at-risk
INV000662,11,46.3,113,at-risk
INV000663,6,94.4,247,at-risk
INV000664,8,46.7,149,at-risk
INV000665,12,29.6,79,at-risk
INV000666,7,62.2,170,at-risk
INV000667,12,43.5,135,at-risk
INV000671,12,38.7,118,at-risk
INV000673,6,92.8,235,at-risk
INV000675,12,36.6,111,at-risk
INV000676,12,32.1,61,at-risk
INV000678,11,38.0,77,at-risk
INV000682,6,96.6,232,at-risk
INV000683,11,50.6,137,at-risk
INV000689,8,46.7,110,at-risk
INV000690,12,45.9,116,at-risk
INV000691,10,52.9,131,at-risk
INV000693,10,44.3,116,at-risk
INV000694,7,82.5,184,at-risk
INV000695,8,63.3,110,at-risk
INV000698,12,38.0,101,at-risk
INV000699,8,36.4,90,at-risk
INV000701,11,50.2,230,at-risk
INV000703,7,84.0,177,at-risk
INV000704,9,50.6,183,at-risk
INV000706,9,54.5,116,at-risk
INV000707,10,45.0,130,at-risk
INV000708,8,66.0,182,at-risk
INV000709,12,39.5,100,at-risk
INV000710,7,73.8,143,at-risk
INV000711,8,60.0,160,at-risk
INV000714,12,26.9,95,at-risk
INV000715,7,55.3,107,at-risk
INV000717,7,77.7,232,at-risk
INV000718,10,38.6,79,at-risk
INV000719,12,40.7,129,at-risk
INV000720,8,70.7,134,at-risk
INV000721,7,78.0,210,at-risk
INV000722,9,52.1,164,at-risk
INV000723,6,86.6,323,at-risk
INV000724,9,50.8,209,at-risk
INV000725,8,58.0,92,at-risk
INV000726,7,69.5,165,at-risk
INV000728,9,39.1,113,at-risk
INV000732,10,42.3,130,at-risk
INV000733,7,74.5,189,at-risk
INV000734,11,46.3,180,at-risk
INV000735,8,61.4,264,at-risk
INV000736,10,44.3,132,at-risk
INV000737,8,66.1,124,at-risk
INV000738,8,49.6,163,at-risk
INV000739,8,60.7,219,at-risk
INV000741,8,65.7,101,at-risk
INV000742,6,83.0,176,at-risk
INV000744,10,28.2,96,at-risk
INV000745,6,88.8,217,at-risk
INV000746,9,60.5,124,at-risk
INV000747,11,45.7,125,at-risk
INV000749,12,40.5,127,at-risk
INV000750,12,35.4,177,at-risk
INV000751,11,42.4,97,at-risk
INV000752,7,78.7,269,at-risk
INV000753,7,50.7,112,at-risk
INV000754,11,44.7,103,at-risk
INV000755,7,66.2,115,at-risk
INV000757,6,83.4,167,at-risk
INV000758,10,50.4,180,at-risk
INV000759,11,49.8,141,at-risk
INV000761,11,49.4,173,at-risk
INV000764,8,57.6,154,at-risk
INV000765,12,43.0,166,at-risk
INV000767,6,94.2,227,at-risk
INV000768,12,38.2,68,at-risk
INV000769,7,76.7,206,at-risk
INV000772,12,36.4,98,at-risk
INV000774,9,55.2,148,at-risk
INV000776,11,42.1,71,at-risk
INV000777,8,47.1,91,at-risk
INV000778,11,48.1,168,at-risk
INV000779,12,40.4,92,at-risk
INV000782,6,35.4,105,at-risk
INV000783,12,44.4,145,at-risk
INV000784,8,62.4,244,at-risk
INV000785,11,38.9,154,at-risk
INV000786,10,57.0,199,at-risk
INV000788,7,52.5,159,at-risk
INV000789,10,44.3,171,at-risk
INV000791,9,56.1,109,at-risk
INV000793,11,48.4,104,at-risk
INV000799,7,80.8,213,at-risk
INV000803,9,57.9,147,at-risk
INV000804,6,92.2,208,at-risk
INV000806,12,34.1,109,at-risk
INV000810,10,38.0,93,at-risk
INV000811,6,58.2,217,at-risk
INV000813,8,62.1,300,at-risk
INV000814,7,78.3,113,at-risk
INV000819,6,48.0,116,at-risk
INV000821,9,44.5,81,at-risk
INV000822,9,41.6,98,at-risk
INV000823,10,35.4,69,at-risk
INV000826,7,74.5,218,at-risk
INV000827,10,45.3,95,at-risk
INV000829,9,58.9,151,at-risk
INV000830,10,44.4,122,at-risk
INV000831,6,54.0,134,at-risk
INV000833,10,56.4,178,at-risk
INV000836,7,70.7,123,at-risk
INV000840,9,62.9,186,at-risk
INV000841,7,71.3,213,at-risk
INV000843,11,35.8,101,at-risk
INV000844,10,44.1,131,at-risk
INV000845,7,46.5,201,at-risk
INV000847,11,26.9,56,at-risk
INV000849,11,47.2,128,at-risk
INV000850,6,28.6,60,at-risk
INV000851,9,53.4,112,at-risk
INV000853,12,40.4,143,at-risk
INV000854,10,54.4,170,at-risk
INV000856,9,55.0,128,at-risk
INV000857,9,52.1,159,at-risk
INV000858,11,35.9,131,at-risk
INV000860,10,47.4,110,at-risk
INV000861,9,54.9,163,at-risk
INV000862,9,59.6,158,at-risk
INV000864,11,42.0,135,at-risk
INV000865,11,40.4,99,at-risk
INV000869,10,37.2,95,at-risk
INV000870,6,70.4,94,at-risk
INV000873,10,49.0,166,at-risk
INV000874,12,45.2,136,at-risk
INV000876,6,37.0,66,at-risk
INV000877,9,37.1,75,at-risk
INV000880,6,84.8,166,at-risk
INV000881,12,37.7,103,at-risk
INV000885,6,87.0,261,at-risk
INV000887,11,40.6,238,at-risk
INV000888,9,60.2,166,at-risk
INV000890,7,43.3,108,at-risk
INV000891,9,55.0,116,at-risk
INV000892,6,77.0,171,at-risk
INV000893,9,45.4,147,at-risk
INV000894,12,43.5,181,at-risk
INV000895,8,63.6,142,at-risk
INV000901,7,45.2,95,at-risk
INV000902,10,43.1,96,at-risk
INV000906,11,36.8,109,at-risk
INV000907,9,40.5,115,at-risk
INV000909,6,82.8,151,at-risk
INV000912,11,41.5,144,at-risk
INV000913,7,76.3,211,at-risk
INV000914,9,55.5,116,at-risk
INV000915,6,78.2,120,at-risk
INV000919,7,58.5,204,at-risk
INV000920,9,47.2,140,at-risk
INV000921,6,76.2,261,at-risk
INV000925,8,59.6,202,at-risk
INV000926,8,57.1,111,at-risk
INV000927,7,25.5,53,at-risk
INV000929,10,39.7,104,at-risk
INV000930,12,23.9,75,at-risk
INV000931,8,49.3,124,at-risk
INV000933,9,55.4,193,at-risk
INV000935,11,24.7,73,at-risk
INV000939,11,45.0,93,at-risk
INV000941,6,95.0,189,at-risk
INV000942,12,39.6,118,at-risk
INV000944,6,68.4,265,at-risk
INV000946,6,60.0,117,at-risk
INV000947,8,64.3,221,at-risk
INV000949,11,40.5,120,at-risk
INV000950,11,48.6,189,at-risk
INV000954,10,56.3,116,at-risk
INV000957,8,52.6,122,at-risk
INV000958,6,90.6,208,at-risk
INV000959,9,45.1,163,at-risk
INV000960,9,60.9,150,at-risk
INV000962,8,57.6,133,at-risk
INV000966,12,39.2,106,at-risk
INV000968,9,48.6,286,at-risk
INV000969,10,48.3,179,at-risk
INV000970,6,45.4,104,at-risk
INV000971,12,36.0,115,at-risk
INV000972,11,38.1,107,at-risk
INV000974,8,63.0,131,at-risk
INV000977,12,39.9,137,at-risk
INV000978,7,46.8,95,at-risk
INV000979,8,59.4,115,at-risk
INV000980,10,36.8,121,at-risk
INV000981,11,30.4,52,at-risk
INV000984,9,44.5,88,at-risk
INV000985,6,73.2,147,at-risk
INV000986,9,45.6,182,at-risk
INV000988,8,66.7,140,at-risk
INV000989,7,83.0,269,at-risk
INV000992,6,83.2,240,at-risk
INV000994,12,40.2,161,at-risk
INV000995,9,21.9,60,at-risk
INV000997,8,55.1,131,at-risk
INV000999,8,47.1,145,at-risk
INV001001,12,40.5,137,at-risk
INV001002,10,46.4,103,at-risk
INV001005,11,46.8,117,at-risk
INV001006,6,93.0,233,at-risk
INV001008,9,48.6,191,at-risk
INV001009,10,42.3,125,at-risk
INV001011,6,99.4,234,at-risk
INV001012,6,32.4,102,at-risk
INV001013,10,53.8,112,at-risk
INV001014,7,77.7,182,at-risk
INV001015,6,36.0,77,at-risk
INV001017,7,68.5,142,at-risk
INV001019,11,35.9,160,at-risk
INV001020,7,53.8,156,at-risk
INV001021,10,45.8,186,at-risk
INV001023,12,46.1,155,at-risk
INV001024,8,51.3,162,at-risk
INV001025,8,32.6,76,at-risk
INV001026,11,47.8,132,at-risk
INV001027,8,70.6,149,at-risk
INV001029,11,46.9,158,at-risk
INV001031,11,48.2,167,at-risk
INV001034,7,69.2,119,at-risk
INV001036,10,54.7,123,at-risk
INV001037,11,42.6,86,at-risk
INV001039,9,47.9,187,at-risk
INV001041,8,71.1,159,at-risk
INV001042,7,49.5,105,at-risk
INV001043,8,71.0,235,at-risk
INV001045,8,71.1,191,at-risk
INV001047,10,55.7,142,at-risk
INV001048,12,35.3,75,at-risk
INV001049,7,69.7,177,at-risk
INV001051,11,37.9,127,at-risk
INV001053,10,51.7,116,at-risk
INV001055,10,51.8,166,at-risk
INV001058,12,44.8,114,at-risk
INV001060,12,38.8,89,at-risk
INV001061,11,40.9,104,at-risk
INV001062,7,52.5,146,at-risk
INV001063,12,30.7,68,at-risk
INV001064,12,43.3,133,at-risk
INV001067,10,41.7,112,at-risk
INV001068,6,99.2,261,at-risk
INV001069,11,35.2,98,at-risk
INV001070,12,44.1,304,at-risk
INV001074,8,44.7,119,at-risk
INV001075,7,51.0,105,at-risk
INV001077,8,53.4,149,at-risk
INV001079,11,46.1,144,at-risk
INV001080,8,52.1,126,at-risk
INV001081,6,79.0,278,at-risk
INV001083,9,43.2,115,at-risk
INV001087,7,63.5,175,at-risk
INV001088,7,74.3,229,at-risk
INV001091,6,71.8,138,at-risk
INV001092,12,42.2,165,at-risk
INV001093,9,57.9,134,at-risk
INV001094,7,77.5,145,at-risk
INV001096,10,51.9,189,at-risk
INV001099,11,31.9,107,at-risk
INV001101,6,85.4,189,at-risk
INV001102,10,50.7,124,at-risk
INV001103,8,47.6,104,at-risk
INV001109,6,90.4,203,at-risk
INV001111,6,96.6,157,at-risk
INV001112,6,40.0,66,at-risk
INV001113,7,48.5,151,at-risk
INV001115,10,45.8,230,at-risk
INV001116,12,42.3,194,at-risk
INV001117,9,54.0,137,at-risk
INV001118,10,49.0,137,at-risk
INV001123,9,56.8,116,at-risk
INV001124,7,79.7,138,at-risk
INV001128,11,44.2,103,at-risk
INV001130,11,46.6,131,at-risk
INV001131,10,53.9,141,at-risk
INV001133,6,41.6,78,at-risk
INV001137,11,34.3,79,at-risk
INV001138,9,50.5,82,at-risk
INV001140,8,56.6,125,at-risk
INV001141,8,69.7,132,at-risk
INV001142,9,49.5,106,at-risk
INV001144,6,64.4,173,at-risk
INV001152,6,46.6,122,at-risk
INV001155,8,69.1,196,at-risk
INV001156,10,56.9,160,at-risk
INV001157,12,33.6,97,at-risk
INV001160,9,52.8,99,at-risk
INV001161,8,57.6,133,at-risk
INV001163,12,43.5,146,at-risk
INV001165,7,57.5,103,at-risk
INV001166,9,54.0,148,at-risk
INV001167,6,96.2,207,at-risk
INV001168,7,76.2,161,at-risk
INV001170,9,49.1,119,at-risk
INV001173,7,55.8,146,at-risk
INV001174,9,58.8,115,at-risk
INV001175,7,78.7,116,at-risk
INV001178,12,43.5,83,at-risk
INV001180,8,61.9,112,at-risk
INV001181,9,59.0,118,at-risk
INV001182,6,71.0,153,at-risk
INV001183,6,55.8,145,at-risk
INV001185,9,50.1,101,at-risk
INV001186,8,44.6,118,at-risk
INV001189,8,46.6,71,at-risk
INV001190,7,80.8,198,at-risk
INV001192,6,81.4,143,at-risk
INV001195,12,34.3,154,at-risk
INV001196,6,92.2,169,at-risk
INV001197,9,49.9,140,at-risk
INV001198,11,48.4,123,at-risk
INV001202,9,50.8,103,at-risk
INV001204,7,75.8,165,at-risk
INV001206,12,38.0,116,at-risk
INV001207,7,50.8,166,at-risk
INV001208,10,37.3,94,at-risk
INV001210,12,26.8,93,at-risk
INV001212,8,45.1,119,at-risk
INV001213,10,53.9,120,at-risk
INV001215,6,97.0,293,at-risk
INV001217,12,39.1,148,at-risk
INV001218,9,49.2,139,at-risk
INV001219,11,36.9,118,at-risk
INV001220,9,57.9,104,at-risk
INV001221,8,64.6,172,at-risk
INV001222,6,68.6,189,at-risk
INV001223,11,42.5,94,at-risk
INV001224,8,40.6,103,at-risk
INV001225,9,53.1,125,at-risk
INV001227,11,39.7,104,at-risk
INV001228,12,43.2,140,at-risk
INV001232,6,87.8,184,at-risk
INV001233,7,55.5,135,at-risk
INV001234,12,40.7,119,at-risk
INV001235,11,47.2,100,at-risk
INV001236,7,73.3,153,at-risk
INV001237,7,81.7,182,at-risk
INV001238,12,37.4,150,at-risk
INV001241,6,33.0,76,at-risk
INV001242,10,47.3,93,at-risk
INV001244,6,34.2,77,at-risk
INV001246,6,80.0,184,at-risk
INV001247,7,44.3,139,at-risk
INV001249,6,71.6,105,at-risk
INV001250,6,82.2,181,at-risk
INV001251,9,54.2,223,at-risk
INV001255,6,70.8,161,at-risk
INV001257,10,52.4,166,at-risk
INV001259,12,43.8,213,at-risk
INV001260,7,68.3,163,at-risk
INV001261,7,55.5,89,at-risk
INV001262,8,50.9,116,at-risk
INV001264,8,44.9,87,at-risk
INV001265,7,57.5,217,at-risk
INV001269,10,56.4,107,at-risk
INV001274,12,45.4,141,at-risk
INV001275,12,39.0,99,at-risk
INV001280,6,83.6,169,at-risk
INV001281,6,88.8,291,at-risk
INV001282,8,54.9,119,at-risk
INV001284,11,50.6,124,at-risk
INV001287,9,57.6,116,at-risk
INV001288,8,39.1,148,at-risk
INV001291,7,63.5,181,at-risk
INV001295,10,45.1,165,at-risk
INV001298,11,43.1,113,at-risk
INV001299,12,40.4,101,at-risk
INV001300,7,75.0,127,at-risk
INV001304,12,44.4,114,at-risk
INV001308,12,41.6,147,at-risk
INV001310,8,58.0,180,at-risk
INV001312,11,43.7,108,at-risk
INV001314,10,50.4,130,at-risk
INV001315,10,48.9,124,at-risk
INV001316,10,51.3,166,at-risk
INV001317,11,42.4,96,at-risk
INV001318,11,41.6,150,at-risk
INV001319,8,33.6,76,at-risk
INV001320,11,45.2,163,at-risk
INV001321,7,75.8,129,at-risk
INV001322,7,80.8,136,at-risk
INV001325,7,82.5,174,at-risk
INV001326,12,44.2,182,at-risk
INV001329,10,46.9,97,at-risk
INV001331,10,52.8,100,at-risk
INV001332,9,60.0,168,at-risk
INV001333,12,45.5,185,at-risk
INV001334,10,50.3,112,at-risk
INV001336,9,57.6,198,at-risk
INV001342,9,54.2,255,at-risk
INV001343,6,56.0,88,at-risk
INV001345,8,65.0,157,at-risk
INV001346,7,76.5,205,at-risk
INV001348,11,40.9,121,at-risk
INV001350,8,71.1,287,at-risk
INV001351,12,40.9,144,at-risk
INV001352,6,64.8,139,at-risk
INV001353,7,57.3,134,at-risk
INV001354,9,53.1,150,at-risk
INV001355,11,40.2,128,at-risk
INV001356,11,39.6,109,at-risk
INV001359,9,54.4,143,at-risk
INV001361,9,37.9,93,at-risk
INV001363,7,50.7,125,at-risk
INV001366,9,54.4,98,at-risk
INV001367,7,82.5,222,at-risk
INV001369,9,50.6,131,at-risk
INV001370,7,81.0,164,at-risk
INV001374,7,55.8,101,at-risk
INV001375,12,44.9,176,at-risk
INV001376,7,78.7,181,at-risk
INV001377,8,65.1,113,at-risk
INV001378,6,79.2,128,at-risk
INV001379,7,48.3,74,at-risk
INV001383,10,44.0,117,at-risk
INV001384,10,43.6,149,at-risk
INV001386,7,51.8,133,at-risk
INV001387,9,57.2,130,at-risk
INV001388,6,70.6,124,at-risk
INV001389,6,87.0,158,at-risk
INV001390,6,82.0,201,at-risk
INV001391,8,68.7,177,at-risk
INV001392,8,52.0,99,at-risk
INV001394,9,55.6,136,at-risk
INV001395,8,56.0,151,at-risk
INV001397,11,48.1,124,at-risk
INV001398,11,45.5,131,at-risk
INV001399,7,62.3,160,at-risk
INV001400,11,38.4,122,at-risk
INV001401,10,38.1,102,at-risk
INV001402,9,61.6,151,at-risk
INV001406,12,39.0,128,at-risk
INV001407,10,39.6,116,at-risk
INV001409,7,32.3,60,at-risk
INV001410,8,61.0,118,at-risk
INV001411,8,65.1,151,at-risk
INV001413,8,56.0,125,at-risk
INV001415,10,53.0,173,at-risk
INV001418,9,57.6,187,at-risk
INV001419,8,61.3,110,at-risk
INV001421,8,63.1,164,at-risk
INV001423,11,34.0,89,at-risk
INV001424,6,93.0,156,at-risk
INV001428,12,44.2,76,at-risk
INV001432,7,59.5,109,at-risk
INV001433,6,99.2,307,at-risk
INV001434,9,60.4,178,at-risk
INV001439,7,56.3,104,at-risk
INV001442,12,41.5,238,at-risk
INV001443,6,57.2,82,at-risk
INV001448,6,47.8,96,at-risk
INV001449,7,48.5,126,at-risk
INV001454,8,62.6,176,at-risk
INV001455,12,41.2,133,at-risk
INV001456,9,52.4,84,at-risk
INV001457,12,38.1,99,at-risk
INV001458,12,32.6,101,at-risk
INV001460,11,33.4,95,at-risk
INV001462,9,55.0,209,at-risk
INV001465,7,52.0,109,at-risk
INV001466,11,26.7,82,at-risk
INV001467,10,54.3,176,at-risk
INV001470,7,72.3,144,at-risk
INV001472,9,49.4,139,at-risk
INV001473,7,81.3,257,at-risk
INV001478,7,79.7,200,at-risk
INV001480,7,47.8,157,at-risk
INV001481,7,49.8,115,at-risk
INV001482,8,57.6,212,at-risk
INV001483,6,84.6,179,at-risk
INV001485,10,48.9,150,at-risk
INV001491,8,70.6,245,at-risk
INV001496,11,40.1,165,at-risk
INV001497,12,45.8,138,at-risk
INV001498,6,68.8,96,at-risk
INV001499,10,41.8,85,at-risk
INV001500,8,63.9,205,at-risk
INV001501,7,52.8,106,at-risk
INV001503,6,44.8,108,at-risk
INV001504,10,48.2,134,at-risk
INV001506,7,78.2,213,at-risk
INV001507,12,39.2,77,at-risk
INV001508,10,55.9,131,at-risk
INV001510,10,44.6,105,at-risk
INV001512,11,47.7,122,at-risk
INV001513,6,60.6,95,at-risk
INV001514,11,38.9,72,at-risk
INV001516,9,56.6,169,at-risk
INV001518,9,46.2,106,at-risk
INV001521,9,47.2,207,at-risk
INV001524,7,63.5,149,at-risk
INV001525,7,60.8,103,at-risk
INV001526,10,29.3,73,at-risk
INV001528,11,48.0,104,at-risk
INV001530,9,48.5,115,at-risk
INV001532,11,47.4,97,at-risk
INV001534,8,64.4,206,at-risk
INV001536,11,41.4,106,at-risk
INV001538,7,65.5,141,at-risk
INV001543,6,56.2,98,at-risk
INV001544,11,42.6,95,at-risk
INV001545,11,46.4,198,at-risk
INV001547,12,43.8,119,at-risk
INV001548,8,57.6,197,at-risk
INV001549,9,50.1,80,at-risk
INV001550,11,47.4,110,at-risk
INV001551,9,55.9,138,at-risk
INV001553,12,44.9,77,at-risk
INV001555,6,91.0,136,at-risk
INV001557,7,80.3,350,at-risk
INV001558,11,38.7,114,at-risk
INV001560,6,98.2,357,at-risk
INV001561,8,55.9,198,at-risk
INV001562,11,39.8,143,at-risk
INV001564,12,39.2,102,at-risk
INV001567,6,50.2,112,at-risk
INV001569,7,69.5,313,at-risk
INV001570,9,59.9,185,at-risk
INV001573,8,42.1,109,at-risk
INV001574,7,42.7,106,at-risk
INV001575,9,52.6,112,at-risk
INV001576,7,75.3,115,at-risk
INV001579,12,41.6,115,at-risk
INV001580,12,40.6,122,at-risk
INV001583,9,56.1,126,at-risk
INV001585,9,35.4,177,at-risk
INV001587,11,40.1,144,at-risk
INV001588,7,69.5,137,at-risk
INV001591,11,32.0,107,at-risk
INV001592,6,19.0,50,at-risk
INV001594,7,76.8,198,at-risk
INV001595,7,69.3,116,at-risk
INV001596,6,76.4,183,at-risk
INV001597,11,43.4,105,at-risk
INV001598,9,50.5,110,at-risk
INV001599,12,44.5,133,at-risk
INV001602,12,42.6,115,at-risk
INV001603,11,33.3,93,at-risk
INV001605,11,49.9,114,at-risk
INV001606,8,58.0,119,at-risk
INV001608,11,36.0,106,at-risk
INV001609,10,52.8,143,at-risk
INV001611,11,42.7,130,at-risk
INV001612,10,50.2,119,at-risk
INV001615,8,44.0,107,at-risk
INV001616,12,38.5,117,at-risk
INV001618,8,59.7,201,at-risk
INV001619,6,70.0,114,at-risk
INV001620,7,43.0,110,at-risk
INV001623,11,46.9,111,at-risk
INV001624,12,34.0,80,at-risk
INV001625,12,39.6,111,at-risk
INV001627,6,70.8,149,at-risk
INV001628,12,32.9,71,at-risk
INV001629,12,44.4,83,at-risk
INV001631,11,45.6,97,at-risk
INV001635,7,73.0,105,at-risk
INV001636,11,39.1,114,at-risk
INV001637,6,90.4,129,at-risk
INV001639,6,69.4,135,at-risk
INV001640,12,28.0,90,at-risk
INV001641,10,54.6,142,at-risk
INV001643,8,49.3,108,at-risk
INV001644,11,41.0,89,at-risk
INV001645,8,54.3,116,at-risk
INV001648,9,58.6,120,at-risk
INV001649,12,42.3,120,at-risk
INV001650,6,49.2,193,at-risk
INV001651,11,47.2,130,at-risk
INV001652,9,46.8,76,at-risk
INV001653,8,55.1,110,at-risk
INV001654,10,38.2,137,at-risk
INV001656,10,51.3,246,at-risk
INV001658,11,42.2,131,at-risk
INV001660,6,78.8,192,at-risk
INV001662,12,41.4,154,at-risk
INV001663,8,46.6,123,at-risk
INV001666,6,58.2,125,at-risk
INV001670,11,36.5,94,at-risk
INV001671,7,62.0,225,at-risk
INV001672,12,24.7,130,at-risk
INV001673,11,49.3,181,at-risk
INV001674,6,76.8,144,at-risk
INV001679,7,76.5,241,at-risk
INV001680,12,42.8,161,at-risk
INV001683,8,62.1,186,at-risk
INV001689,12,45.5,125,at-risk
INV001690,9,60.9,114,at-risk
INV001691,9,57.8,190,at-risk
INV001692,11,44.1,123,at-risk
INV001694,10,51.4,144,at-risk
INV001695,9,21.4,33,active
INV001696,6,87.8,149,at-risk
INV001697,12,45.5,174,at-risk
INV001699,8,59.4,126,at-risk
INV001701,12,45.7,120,at-risk
INV001705,9,47.6,162,at-risk
INV001706,10,43.2,115,at-risk
INV001709,8,37.0,69,at-risk
INV001711,7,65.8,189,at-risk
INV001712,8,47.6,103,at-risk
INV001713,8,45.9,87,at-risk
INV001715,8,68.3,188,at-risk
INV001718,9,52.5,146,at-risk
INV001720,8,68.4,169,at-risk
INV001721,7,81.7,208,at-risk
INV001723,7,83.7,300,at-risk
INV001724,9,52.2,116,at-risk
INV001725,11,44.6,119,at-risk
INV001728,11,35.4,131,at-risk
INV001732,6,92.2,223,at-risk
INV001735,7,79.0,234,at-risk
INV001736,7,65.0,130,at-risk
INV001737,9,42.6,174,at-risk
INV001738,12,40.1,137,at-risk
INV001739,10,46.7,67,at-risk
INV001740,10,48.8,155,at-risk
INV001741,11,45.2,201,at-risk
INV001742,9,52.4,111,at-risk
INV001743,7,44.0,176,at-risk
INV001744,12,42.8,90,at-risk
INV001746,12,32.1,130,at-risk
INV001747,8,68.9,252,at-risk
INV001748,8,39.1,115,at-risk
INV001751,8,39.1,70,at-risk
INV001752,12,37.8,91,at-risk
INV001753,12,42.8,128,at-risk
INV001757,12,35.4,121,at-risk
INV001758,10,36.2,81,at-risk
INV001759,12,40.5,91,at-risk
INV001762,8,47.6,108,at-risk
INV001763,7,59.7,114,at-risk
INV001765,8,67.6,164,at-risk
INV001769,8,70.0,166,at-risk
INV001770,8,71.1,270,at-risk
INV001771,8,64.1,131,at-risk
INV001772,10,52.8,152,at-risk
INV001775,8,29.1,65,at-risk
INV001777,11,46.1,117,at-risk
INV001778,12,40.5,108,at-risk
INV001780,6,54.8,88,at-risk
INV001782,10,52.0,130,at-risk
INV001783,9,58.9,183,at-risk
INV001784,11,39.8,154,at-risk
INV001787,6,60.0,158,at-risk
INV001790,10,44.6,169,at-risk
INV001792,6,58.4,126,at-risk
INV001794,9,45.6,113,at-risk
INV001796,7,73.5,182,at-risk
INV001797,11,47.8,132,at-risk
INV001798,6,54.0,118,at-risk
INV001799,7,73.2,140,at-risk
INV001800,11,42.0,94,at-risk
INV001801,6,68.6,128,at-risk
INV001802,10,49.0,98,at-risk
INV001803,9,36.9,82,at-risk
INV001804,11,42.9,90,at-risk
INV001805,6,62.2,139,at-risk
INV001806,11,47.7,123,at-risk
INV001809,7,79.7,129,at-risk
INV001810,11,45.3,99,at-risk
INV001811,12,44.8,196,at-risk
INV001813,8,63.0,191,at-risk
INV001814,10,44.9,87,at-risk
INV001815,7,60.3,229,at-risk
INV001816,11,41.5,94,at-risk
INV001820,11,40.5,143,at-risk
INV001822,8,23.3,64,at-risk
INV001823,12,37.0,109,at-risk
INV001824,6,91.2,255,at-risk
INV001825,10,46.6,102,at-risk
INV001826,9,33.1,112,at-risk
INV001827,6,95.0,234,at-risk
INV001828,8,44.4,91,at-risk
INV001829,7,67.5,170,at-risk
INV001831,9,45.5,178,at-risk
INV001832,8,60.0,126,at-risk
INV001833,7,41.8,163,at-risk
INV001834,7,62.0,178,at-risk
INV001835,6,78.0,168,at-risk
INV001836,11,37.2,87,at-risk
INV001837,12,42.3,74,at-risk
INV001841,9,35.1,112,at-risk
INV001842,10,47.4,165,at-risk
INV001843,9,50.6,139,at-risk
INV001844,9,51.6,197,at-risk
INV001848,9,60.1,202,at-risk
INV001849,6,84.8,169,at-risk
INV001851,8,56.1,180,at-risk
INV001852,8,71.7,187,at-risk
INV001853,12,30.2,68,at-risk
INV001856,8,53.6,151,at-risk
INV001857,11,45.1,138,at-risk
INV001858,11,47.3,231,at-risk
INV001859,7,82.5,182,at-risk
INV001861,10,39.8,112,at-risk
INV001865,9,47.6,145,at-risk
INV001866,8,46.1,88,at-risk
INV001867,6,89.6,279,at-risk
INV001868,6,91.6,181,at-risk
INV001870,8,65.1,164,at-risk
INV001871,12,42.6,104,at-risk
INV001874,10,52.3,166,at-risk
INV001875,7,73.0,286,at-risk
INV001877,7,54.8,123,at-risk
INV001879,9,58.5,112,at-risk
INV001880,9,49.1,99,at-risk
INV001881,6,74.6,140,at-risk
INV001883,8,70.9,203,at-risk
INV001885,12,45.1,128,at-risk
INV001886,10,45.1,129,at-risk
INV001887,7,78.0,157,at-risk
INV001888,8,65.4,176,at-risk
INV001890,7,85.5,207,at-risk
INV001891,9,60.2,225,at-risk
INV001893,6,54.6,132,at-risk
INV001895,8,61.6,102,at-risk
INV001896,6,47.0,145,at-risk
INV001897,7,52.8,101,at-risk
INV001899,8,69.3,154,at-risk
INV001903,10,38.2,101,at-risk
INV001909,10,48.3,106,at-risk
INV001912,11,45.4,123,at-risk
INV001913,6,64.6,156,at-risk
INV001914,10,42.2,89,at-risk
INV001916,10,45.9,118,at-risk
INV001917,8,40.4,106,at-risk
INV001920,11,30.0,66,at-risk
INV001921,12,43.6,107,at-risk
INV001922,7,68.7,231,at-risk
INV001923,12,44.0,89,at-risk
INV001924,9,60.9,132,at-risk
INV001926,11,46.4,107,at-risk
INV001927,9,42.2,59,at-risk
INV001928,6,83.8,304,at-risk
INV001929,10,45.1,152,at-risk
INV001930,6,97.0,262,at-risk
INV001933,8,61.7,139,at-risk
INV001937,11,48.3,152,at-risk
INV001938,12,32.9,112,at-risk
INV001940,8,56.1,150,at-risk
INV001943,7,62.0,171,at-risk
INV001944,10,45.2,168,at-risk
INV001945,8,46.6,103,at-risk
INV001946,6,56.6,106,at-risk
INV001950,12,44.1,99,at-risk
INV001951,10,47.1,98,at-risk
INV001954,9,54.2,187,at-risk
INV001955,8,54.3,103,at-risk
INV001956,7,79.3,160,at-risk
INV001959,9,53.8,107,at-risk
INV001961,8,65.9,222,at-risk
INV001962,6,70.6,177,at-risk
INV001967,8,25.9,92,at-risk
INV001969,11,45.1,120,at-risk
INV001970,7,67.7,137,at-risk
INV001971,11,38.3,87,at-risk
INV001972,12,35.0,142,at-risk
INV001974,11,35.7,86,at-risk
INV001975,6,78.2,159,at-risk
INV001977,9,56.8,184,at-risk
INV001978,7,76.2,112,at-risk
INV001979,11,42.0,134,at-risk
INV001982,8,61.3,161,at-risk
INV001983,8,68.7,203,at-risk
INV001985,7,70.8,192,at-risk
INV001986,9,38.2,68,at-risk
INV001987,11,40.2,144,at-risk
INV001990,12,40.6,130,at-risk
INV001993,11,44.7,87,at-risk
INV001995,9,43.8,94,at-risk
INV001997,9,59.2,168,at-risk
INV001998,12,42.9,98,at-risk
INV001999,12,29.9,78,at-risk
INV002000,7,53.3,132,at-risk
INV002001,9,53.0,141,at-risk
INV002003,7,41.3,69,at-risk
INV002005,7,54.5,91,at-risk
INV002006,8,52.6,122,at-risk
INV002008,10,39.2,95,at-risk
INV002010,8,69.3,112,at-risk
INV002011,9,59.8,129,at-risk
INV002012,7,69.2,144,at-risk
INV002013,8,57.6,100,at-risk
INV002017,9,49.2,99,at-risk
INV002018,11,44.1,104,at-risk
INV002019,8,65.0,117,at-risk
INV002021,7,46.2,72,at-risk
INV002022,7,52.0,89,at-risk
INV002025,7,55.8,92,at-risk
INV002026,6,85.4,161,at-risk
INV002030,8,71.7,251,at-risk
INV002033,11,38.9,112,at-risk
INV002034,12,46.0,103,at-risk
INV002035,11,39.0,94,at-risk
INV002036,12,28.0,160,at-risk
INV002037,10,37.7,173,at-risk
INV002038,9,52.5,116,at-risk
INV002039,11,46.1,102,at-risk
INV002040,10,50.8,111,at-risk
INV002041,6,52.8,95,at-risk
INV002042,10,46.7,198,at-risk
INV002044,8,53.7,118,at-risk
INV002045,9,60.0,165,at-risk
INV002049,7,66.2,174,at-risk
INV002051,10,43.7,153,at-risk
INV002052,9,33.1,82,at-risk
INV002055,8,69.0,239,at-risk
INV002056,7,80.7,205,at-risk
INV002060,7,63.8,197,at-risk
INV002061,7,80.5,205,at-risk
INV002066,6,81.8,130,at-risk
INV002067,9,53.4,130,at-risk
INV002069,11,42.8,86,at-risk
INV002070,11,48.8,118,at-risk
INV002074,6,55.4,104,at-risk
INV002075,6,66.2,126,at-risk
INV002077,6,76.2,192,at-risk
INV002080,9,60.0,95,at-risk
INV002083,11,46.5,193,at-risk
INV002085,7,54.2,191,at-risk
INV002087,6,70.6,126,at-risk
INV002088,8,68.3,182,at-risk
INV002090,10,53.6,144,at-risk
INV002092,10,38.1,81,at-risk
INV002093,8,36.6,82,at-risk
INV002095,11,43.5,96,at-risk
INV002096,6,63.8,202,at-risk
INV002098,9,51.6,131,at-risk
INV002099,8,71.3,268,at-risk
INV002101,12,38.0,120,at-risk
INV002102,9,46.9,130,at-risk
INV002104,10,44.8,135,at-risk
INV002107,10,55.3,249,at-risk
INV002109,8,25.9,79,at-risk
INV002110,7,46.3,121,at-risk
INV002111,12,42.3,101,at-risk
INV002112,9,49.1,147,at-risk
INV002113,6,80.8,201,at-risk
INV002114,8,48.7,162,at-risk
INV002115,8,65.7,106,at-risk
INV002116,10,30.1,53,at-risk
INV002117,8,63.9,208,at-risk
INV002119,10,47.4,195,at-risk
INV002121,9,51.4,88,at-risk
INV002122,8,45.1,97,at-risk
INV002123,7,67.0,97,at-risk
INV002124,10,52.1,169,at-risk
INV002125,6,36.0,88,at-risk
INV002126,7,71.0,153,at-risk
INV002127,8,47.0,92,at-risk
INV002128,6,87.6,170,at-risk
INV002130,6,62.6,94,at-risk
INV002131,8,65.9,129,at-risk
INV002133,6,89.8,272,at-risk
INV002134,12,45.1,102,at-risk
INV002135,10,55.8,139,at-risk
INV002137,10,31.7,125,at-risk
INV002138,8,65.6,177,at-risk
INV002139,8,66.7,170,at-risk
INV002141,7,44.8,84,at-risk
INV002142,10,52.4,162,at-risk
INV002143,12,40.5,148,at-risk
INV002149,11,31.9,215,at-risk
INV002150,6,73.6,216,at-risk
INV002151,10,53.7,201,at-risk
INV002152,8,67.4,126,at-risk
INV002153,10,45.2,133,at-risk
INV002154,12,44.9,175,at-risk
INV002155,8,59.7,140,at-risk
INV002157,12,40.9,86,at-risk
INV002158,9,61.4,142,at-risk
INV002159,8,46.4,104,at-risk
INV002161,8,64.1,264,at-risk
INV002162,10,51.9,198,at-risk
INV002164,7,58.2,89,at-risk
INV002165,7,82.2,156,at-risk
INV002166,7,82.7,248,at-risk
INV002167,9,39.1,77,at-risk
INV002170,7,65.8,150,at-risk
INV002171,7,55.8,150,at-risk
INV002174,6,86.0,143,at-risk
INV002176,7,81.3,185,at-risk
INV002177,11,43.8,141,at-risk
INV002178,11,46.5,236,at-risk
INV002179,11,42.3,171,at-risk
INV002181,6,72.2,164,at-risk
INV002182,12,40.1,146,at-risk
INV002184,11,47.5,167,at-risk
INV002185,10,28.8,92,at-risk
INV002186,10,49.9,112,at-risk
INV002187,12,44.2,122,at-risk
INV002188,9,28.5,85,at-risk
INV002189,12,43.6,153,at-risk
INV002192,10,40.7,95,at-risk
INV002195,10,48.8,154,at-risk
INV002196,10,56.7,115,at-risk
INV002198,12,33.6,90,at-risk
INV002199,9,38.1,83,at-risk
INV002200,6,83.6,291,at-risk
INV002201,10,44.4,136,at-risk
INV002202,10,54.8,143,at-risk
INV002205,6,87.4,243,at-risk
INV002206,11,43.8,107,at-risk
INV002207,7,73.0,252,at-risk
INV002208,11,42.8,129,at-risk
INV002211,10,42.6,109,at-risk
INV002212,8,58.4,158,at-risk
INV002213,9,36.6,121,at-risk
INV002214,12,42.1,82,at-risk
INV002215,10,53.9,122,at-risk
INV002216,10,48.0,128,at-risk
INV002218,8,52.6,147,at-risk
INV002219,11,49.9,142,at-risk
INV002220,11,31.3,67,at-risk
INV002223,6,82.6,259,at-risk
INV002228,9,42.9,86,at-risk
INV002229,10,44.7,101,at-risk
INV002230,11,43.4,114,at-risk
INV002232,12,38.5,174,at-risk
INV002234,8,47.4,96,at-risk
INV002235,7,69.8,137,at-risk
INV002236,9,55.2,119,at-risk
INV002237,10,41.8,142,at-risk
INV002238,7,78.7,161,at-risk
INV002239,7,75.5,131,at-risk
INV002240,12,42.5,118,at-risk
INV002241,11,47.8,124,at-risk
INV002244,10,50.6,129,at-risk
INV002245,12,37.3,146,at-risk
INV002248,7,47.2,73,at-risk
INV002249,10,31.4,109,at-risk
INV002250,12,44.4,114,at-risk
INV002251,7,52.2,114,at-risk
INV002252,11,35.9,89,at-risk
INV002256,6,75.6,115,at-risk
INV002258,8,54.0,165,at-risk
INV002259,11,39.6,124,at-risk
INV002260,11,44.1,129,at-risk
INV002261,8,46.9,147,at-risk
INV002262,8,29.0,58,at-risk
INV002264,8,53.9,197,at-risk
INV002265,10,46.0,119,at-risk
INV002267,10,51.8,149,at-risk
INV002270,11,44.6,105,at-risk
INV002271,6,47.0,102,at-risk
INV002274,10,46.6,125,at-risk
INV002275,10,43.7,77,at-risk
INV002276,10,46.6,85,at-risk
INV002277,12,38.5,96,at-risk
INV002280,10,51.1,182,at-risk
INV002281,6,96.6,162,at-risk
INV002282,12,30.3,102,at-risk
INV002284,12,40.7,87,at-risk
INV002286,8,55.3,202,at-risk
INV002287,6,50.2,193,at-risk
INV002290,10,37.4,97,at-risk
INV002292,11,39.9,126,at-risk
INV002294,10,42.9,163,at-risk
INV002295,12,42.7,126,at-risk
INV002298,9,44.4,165,at-risk
INV002299,7,53.5,122,at-risk
INV002302,9,39.2,93,at-risk
INV002304,12,34.8,57,at-risk
INV002306,8,69.6,270,at-risk
INV002307,6,68.4,127,at-risk
INV002308,11,40.2,74,at-risk
INV002310,6,58.2,97,at-risk
INV002311,11,46.8,105,at-risk
INV002315,12,39.2,163,at-risk
INV002319,11,36.0,123,at-risk
INV002322,9,39.6,100,at-risk
INV002323,7,56.5,161,at-risk
INV002324,8,40.1,96,at-risk
INV002326,10,45.9,156,at-risk
INV002327,11,45.5,96,at-risk
INV002328,7,68.5,98,at-risk
INV002329,12,35.9,88,at-risk
INV002332,8,60.1,170,at-risk
INV002333,6,72.4,173,at-risk
INV002338,7,82.8,178,at-risk
INV002339,6,61.2,124,at-risk
INV002341,6,47.4,80,at-risk
INV002342,9,49.5,174,at-risk
INV002343,12,42.0,90,at-risk
INV002344,8,62.6,166,at-risk
INV002345,8,49.1,151,at-risk
INV002346,6,86.6,146,at-risk
INV002347,9,40.5,79,at-risk
INV002348,12,44.3,120,at-risk
INV002349,10,42.9,77,at-risk
INV002350,10,53.7,132,at-risk
INV002351,12,43.1,117,at-risk
INV002353,9,51.8,124,at-risk
INV002357,12,39.1,139,at-risk
INV002360,12,40.8,91,at-risk
INV002361,10,49.9,166,at-risk
INV002363,9,59.1,126,at-risk
INV002364,8,54.0,106,at-risk
INV002365,10,51.3,127,at-risk
INV002367,8,51.3,134,at-risk
INV002368,12,33.4,141,at-risk
INV002369,10,52.6,111,at-risk
INV002370,8,60.1,225,at-risk
INV002372,9,59.5,121,at-risk
INV002373,12,44.6,111,at-risk
INV002374,11,39.9,99,at-risk
INV002378,6,67.2,108,at-risk
INV002381,6,77.2,125,at-risk
INV002382,8,38.6,77,at-risk
INV002384,12,36.4,86,at-risk
INV002387,10,57.0,174,at-risk
INV002388,9,43.9,155,at-risk
INV002389,12,41.5,126,at-risk
INV002390,7,71.3,193,at-risk
INV002391,10,23.7,74,at-risk
INV002392,6,82.0,122,at-risk
INV002393,9,49.8,171,at-risk
INV002394,7,53.8,126,at-risk
INV002395,6,97.0,225,at-risk
INV002397,7,51.7,129,at-risk
INV002399,12,40.4,125,at-risk
INV002400,12,44.5,141,at-risk
INV002401,11,41.4,125,at-risk
INV002402,10,47.4,136,at-risk
INV002407,10,46.3,152,at-risk
INV002409,12,35.4,119,at-risk
INV002412,7,75.5,115,at-risk
INV002413,11,41.1,189,at-risk
INV002414,7,84.5,348,at-risk
INV002415,11,40.2,110,at-risk
INV002416,9,62.2,192,at-risk
INV002417,10,55.6,190,at-risk
INV002418,8,65.4,119,at-risk
INV002420,12,43.0,109,at-risk
INV002422,12,41.2,139,at-risk
INV002424,6,53.0,109,at-risk
INV002426,6,68.2,148,at-risk
INV002427,9,32.5,70,at-risk
INV002429,8,56.1,125,at-risk
INV002430,11,46.0,139,at-risk
INV002431,8,66.0,96,at-risk
INV002434,7,73.5,133,at-risk
INV002437,10,32.8,140,at-risk
INV002440,6,74.6,135,at-risk
INV002444,8,34.1,104,at-risk
INV002445,11,34.9,113,at-risk
INV002446,6,83.8,152,at-risk
INV002452,7,47.2,99,at-risk
INV002453,11,37.8,87,at-risk
INV002454,7,46.3,121,at-risk
INV002458,11,36.2,95,at-risk
INV002459,12,42.2,91,at-risk
INV002461,6,87.8,156,at-risk
INV002463,7,79.5,232,at-risk
INV002464,7,33.0,97,at-risk
INV002466,12,44.0,108,at-risk
INV002467,10,42.6,111,at-risk
INV002468,7,55.2,117,at-risk
INV002469,10,41.9,121,at-risk
INV002471,11,34.9,98,at-risk
INV002472,10,47.1,113,at-risk
INV002473,8,62.0,320,at-risk
INV002475,11,44.7,119,at-risk
INV002476,9,53.8,104,at-risk
INV002483,8,61.3,180,at-risk
INV002485,12,33.7,74,at-risk
INV002486,9,47.5,129,at-risk
INV002488,7,58.3,111,at-risk
INV002490,10,54.4,125,at-risk
INV002495,10,51.3,174,at-risk
INV002496,7,44.2,85,at-risk
INV002497,12,42.8,146,at-risk
INV002499,8,56.4,101,at-risk
INV002500,12,43.2,130,at-risk
INV002502,7,77.0,222,at-risk
INV002503,9,47.5,140,at-risk
INV002504,10,53.0,188,at-risk
INV002506,8,55.0,81,at-risk
INV002507,6,83.2,159,at-risk
INV002508,9,51.6,171,at-risk
INV002509,12,29.0,74,at-risk
INV002510,12,45.5,121,at-risk
INV002520,12,43.1,118,at-risk
INV002521,8,56.4,126,at-risk
INV002523,12,45.6,133,at-risk
INV002526,11,42.1,136,at-risk
INV002527,11,29.8,72,at-risk
INV002528,6,74.4,241,at-risk
INV002529,6,81.6,202,at-risk
INV002530,9,62.5,175,at-risk
INV002531,10,50.9,135,at-risk
INV002533,7,60.7,134,at-risk
INV002535,11,36.1,78,at-risk
INV002536,6,71.8,198,at-risk
INV002540,6,67.6,173,at-risk
INV002542,9,57.8,84,at-risk
INV002543,12,40.7,92,at-risk
INV002546,10,55.9,88,at-risk
INV002547,10,49.4,104,at-risk
INV002548,7,79.8,226,at-risk
INV002549,9,60.1,186,at-risk
INV002551,8,59.4,164,at-risk
INV002552,12,39.5,85,at-risk
INV002553,12,34.0,92,at-risk
INV002554,8,68.6,182,at-risk
INV002555,10,53.8,117,at-risk
INV002556,6,72.6,134,at-risk
INV002557,9,50.4,264,at-risk
INV002558,11,48.8,96,at-risk
INV002560,7,79.3,127,at-risk
INV002563,10,52.7,124,at-risk
INV002565,10,55.3,172,at-risk
INV002566,8,61.3,127,at-risk
INV002567,11,46.9,107,at-risk
INV002568,9,53.9,144,at-risk
INV002570,12,37.1,150,at-risk
INV002571,8,63.9,165,at-risk
INV002572,11,44.7,108,at-risk
INV002574,12,43.7,139,at-risk
INV002575,11,44.9,128,at-risk
INV002576,8,40.4,160,at-risk
INV002579,7,34.0,71,at-risk
INV002582,10,43.0,93,at-risk
INV002583,7,65.3,118,at-risk
INV002585,12,42.7,74,at-risk
INV002586,7,72.7,168,at-risk
INV002587,6,75.0,271,at-risk
INV002588,9,53.4,123,at-risk
INV002590,12,42.5,125,at-risk
INV002591,8,48.1,91,at-risk
INV002592,6,94.8,222,at-risk
INV002594,10,55.4,165,at-risk
INV002597,6,84.0,301,at-risk
INV002598,11,41.1,146,at-risk
INV002599,7,73.7,234,at-risk
INV002602,12,42.0,104,at-risk
INV002603,6,68.2,170,at-risk
INV002604,6,79.2,218,at-risk
INV002606,9,56.0,239,at-risk
INV002607,6,61.8,227,at-risk
INV002611,6,97.2,181,at-risk
INV002613,12,44.5,74,at-risk
INV002619,6,71.6,146,at-risk
INV002621,6,73.0,170,at-risk
INV002622,11,48.6,170,at-risk
INV002625,6,78.4,143,at-risk
INV002626,6,78.6,191,at-risk
INV002627,8,60.7,137,at-risk
INV002628,9,53.2,322,at-risk
INV002630,8,53.0,134,at-risk
INV002631,8,58.3,178,at-risk
INV002632,11,45.9,148,at-risk
INV002633,12,40.8,101,at-risk
INV002634,7,23.3,50,at-risk
INV002635,10,48.9,127,at-risk
INV002637,6,76.6,132,at-risk
INV002639,7,30.7,55,at-risk
INV002640,12,38.2,93,at-risk
INV002641,8,59.6,133,at-risk
INV002642,10,48.1,119,at-risk
INV002643,9,55.2,229,at-risk
INV002645,11,40.1,108,at-risk
INV002647,7,76.0,153,at-risk
INV002648,7,77.3,190,at-risk
INV002652,9,48.8,156,at-risk
INV002654,11,43.3,102,at-risk
INV002656,10,51.3,216,at-risk
INV002658,6,100.8,223,at-risk
INV002659,10,49.7,141,at-risk
INV002664,6,57.2,115,at-risk
INV002666,11,43.7,118,at-risk
INV002668,12,43.5,114,at-risk
INV002671,12,43.6,114,at-risk
INV002673,10,50.6,106,at-risk
INV002674,12,37.5,100,at-risk
INV002675,12,40.6,96,at-risk
INV002679,8,65.7,135,at-risk
INV002681,7,83.7,161,at-risk
INV002682,10,40.4,92,at-risk
INV002684,11,43.3,153,at-risk
INV002685,6,96.4,224,at-risk
INV002687,8,45.7,173,at-risk
INV002688,10,32.9,89,at-risk
INV002689,11,35.0,71,at-risk
INV002692,9,56.9,124,at-risk
INV002693,12,32.5,63,at-risk
INV002696,11,43.7,190,at-risk
INV002697,9,51.9,199,at-risk
INV002698,11,31.5,69,at-risk
INV002700,9,59.9,140,at-risk
INV002702,10,49.0,127,at-risk
INV002704,12,37.6,101,at-risk
INV002705,12,22.4,75,at-risk
INV002706,11,47.3,104,at-risk
INV002707,11,38.9,114,at-risk
INV002708,12,43.8,184,at-risk
INV002711,9,57.4,230,at-risk
INV002712,12,42.5,174,at-risk
INV002716,6,99.8,332,at-risk
INV002718,7,66.8,171,at-risk
INV002722,10,47.8,178,at-risk
INV002723,9,37.8,102,at-risk
INV002724,12,34.8,104,at-risk
INV002725,6,93.0,123,at-risk
INV002726,12,29.9,83,at-risk
INV002727,8,70.3,178,at-risk
INV002729,8,64.7,155,at-risk
INV002732,11,49.5,151,at-risk
INV002733,10,54.1,150,at-risk
INV002734,6,80.8,163,at-risk
INV002735,12,43.2,98,at-risk
INV002736,11,42.9,144,at-risk
INV002737,12,38.8,81,at-risk
INV002740,7,79.0,295,at-risk
INV002743,8,63.0,166,at-risk
INV002744,10,52.9,139,at-risk
INV002745,6,97.2,153,at-risk
INV002746,11,47.6,185,at-risk
INV002747,7,78.3,219,at-risk
INV002748,7,70.8,145,at-risk
INV002750,9,52.6,236,at-risk
INV002751,10,48.7,102,at-risk
INV002752,9,42.4,113,at-risk
INV002753,11,37.2,97,at-risk
INV002754,6,93.2,149,at-risk
INV002758,9,56.8,223,at-risk
INV002759,7,82.0,124,at-risk
INV002761,12,44.0,170,at-risk
INV002762,9,46.2,125,at-risk
INV002764,8,53.3,146,at-risk
INV002765,8,66.6,171,at-risk
INV002766,12,33.6,118,at-risk
INV002767,9,46.6,145,at-risk
INV002769,11,49.2,103,at-risk
INV002772,10,49.7,102,at-risk
INV002774,7,76.0,185,at-risk
INV002775,9,37.5,117,at-risk
INV002776,6,72.4,187,at-risk
INV002779,11,45.9,112,at-risk
INV002783,12,44.6,126,at-risk
INV002784,9,34.8,125,at-risk
INV002785,6,91.6,254,at-risk
INV002786,11,49.8,115,at-risk
INV002787,8,56.7,123,at-risk
INV002788,10,50.7,124,at-risk
INV002793,8,50.9,125,at-risk
INV002794,10,39.6,111,at-risk
INV002796,7,68.8,139,at-risk
INV002798,7,74.7,118,at-risk
INV002799,9,55.1,118,at-risk
INV002800,8,54.4,108,at-risk
INV002801,7,80.8,156,at-risk
INV002802,7,46.3,155,at-risk
INV002803,11,39.1,176,at-risk
INV002804,10,46.6,192,at-risk
INV002808,9,45.9,120,at-risk
INV002809,6,81.4,276,at-risk
INV002810,10,25.1,50,at-risk
INV002811,8,54.9,108,at-risk
INV002813,9,36.8,101,at-risk
INV002819,7,31.2,69,at-risk
INV002822,11,46.3,145,at-risk
INV002824,12,42.3,130,at-risk
INV002826,9,57.2,150,at-risk
INV002827,9,49.1,200,at-risk
INV002828,12,42.2,141,at-risk
INV002830,6,88.2,219,at-risk
INV002831,8,54.1,139,at-risk
INV002832,10,50.0,121,at-risk
INV002834,10,52.9,144,at-risk
INV002835,7,82.3,233,at-risk
INV002838,10,48.9,100,at-risk
INV002841,12,19.7,44,at-risk
INV002843,12,44.4,186,at-risk
INV002847,11,47.4,129,at-risk
INV002849,7,28.2,57,at-risk
INV002850,12,36.7,85,at-risk
INV002852,10,43.2,101,at-risk
INV002856,6,79.8,212,at-risk
INV002859,10,51.0,198,at-risk
INV002861,10,53.9,184,at-risk
INV002862,8,65.4,145,at-risk
INV002863,9,58.8,130,at-risk
INV002864,10,48.6,175,at-risk
INV002865,10,32.8,66,at-risk
INV002867,6,89.0,167,at-risk
INV002868,9,43.8,156,at-risk
INV002869,8,64.1,202,at-risk
INV002870,12,45.0,139,at-risk
INV002872,6,85.6,199,at-risk
INV002873,9,62.2,140,at-risk
INV002874,6,96.4,192,at-risk
INV002877,6,51.8,111,at-risk
INV002879,11,43.6,125,at-risk
INV002881,9,40.5,93,at-risk
INV002883,11,48.0,91,at-risk
INV002886,12,44.2,132,at-risk
INV002888,7,68.0,167,at-risk
INV002890,10,45.0,109,at-risk
INV002891,10,56.6,114,at-risk
INV002893,11,42.8,106,at-risk
INV002894,6,90.0,187,at-risk
INV002896,6,63.6,110,at-risk
INV002897,8,57.3,147,at-risk
INV002899,6,89.6,207,at-risk
INV002900,7,65.5,136,at-risk
INV002903,9,56.0,92,at-risk
INV002904,10,47.9,135,at-risk
INV002905,11,42.9,142,at-risk
INV002906,8,48.7,92,at-risk
INV002909,8,70.6,142,at-risk
INV002911,10,51.1,161,at-risk
INV002912,12,45.7,185,at-risk
INV002913,11,47.1,116,at-risk
INV002914,6,89.2,287,at-risk
INV002915,9,43.1,117,at-risk
INV002921,9,51.0,103,at-risk
INV002924,7,26.8,37,at-risk
INV002926,6,88.6,193,at-risk
INV002927,11,47.3,144,at-risk
INV002928,10,46.8,107,at-risk
INV002929,9,59.5,168,at-risk
INV002931,9,59.0,157,at-risk
INV002932,9,44.9,96,at-risk
INV002933,12,31.3,89,at-risk
INV002934,10,34.7,98,at-risk
INV002935,9,50.9,95,at-risk
INV002937,10,44.8,184,at-risk
INV002939,12,35.5,109,at-risk
INV002940,7,74.5,229,at-risk
INV002941,8,47.3,154,at-risk
INV002942,12,41.5,180,at-risk
INV002943,8,61.4,150,at-risk
INV002944,6,70.2,122,at-risk
INV002945,10,50.6,128,at-risk
INV002947,10,50.4,152,at-risk
INV002948,7,66.0,112,at-risk
INV002950,12,41.3,119,at-risk
INV002951,10,40.7,74,at-risk
INV002954,10,45.7,118,at-risk
INV002956,9,55.8,126,at-risk
INV002957,7,76.5,161,at-risk
INV002961,9,63.5,231,at-risk
INV002964,7,52.5,101,at-risk
INV002966,9,47.6,98,at-risk
INV002969,10,24.9,71,at-risk
INV002973,6,48.2,200,at-risk
INV002974,12,36.6,82,at-risk
INV002978,6,78.0,173,at-risk
INV002979,7,64.5,131,at-risk
INV002980,6,68.2,117,at-risk
INV002982,6,71.8,203,at-risk
INV002983,7,68.2,156,at-risk
INV002984,10,53.1,130,at-risk
INV002985,6,49.0,91,at-risk
INV002989,11,43.3,132,at-risk
INV002992,6,71.6,93,at-risk
INV002993,9,57.6,156,at-risk
INV002994,9,44.1,142,at-risk
INV002996,12,43.3,108,at-risk
INV002997,8,54.9,115,at-risk
INV003000,7,67.0,137,at-risk
INV003002,8,63.4,225,at-risk
INV003003,11,46.6,85,at-risk
INV003004,8,66.9,120,at-risk
INV003005,11,37.2,107,at-risk
INV003007,12,42.1,130,at-risk
INV003008,8,54.7,124,at-risk
INV003009,12,27.7,71,at-risk
INV003010,7,77.0,145,at-risk
INV003011,10,48.8,154,at-risk
INV003012,6,46.6,90,at-risk
INV003014,7,68.7,144,at-risk
INV003015,11,45.6,128,at-risk
INV003016,6,96.6,195,at-risk
INV003017,7,73.2,256,at-risk
INV003018,7,41.8,156,at-risk
INV003021,8,68.9,156,at-risk
INV003022,12,39.1,96,at-risk
INV003024,11,26.7,91,at-risk
INV003025,11,29.8,59,at-risk
INV003027,8,71.0,173,at-risk
INV003028,10,53.7,183,at-risk
INV003031,8,62.6,216,at-risk
INV003033,11,47.8,102,at-risk
INV003034,7,61.3,118,at-risk
INV003036,10,50.2,138,at-risk
INV003037,12,43.4,156,at-risk
INV003040,10,41.3,123,at-risk
INV003041,11,47.3,108,at-risk
INV003043,11,44.3,109,at-risk
INV003044,9,53.4,190,at-risk
INV003045,11,47.0,248,at-risk
INV003047,12,44.6,215,at-risk
INV003048,6,71.0,208,at-risk
INV003049,9,54.4,164,at-risk
INV003054,11,47.2,200,at-risk
INV003055,8,68.3,209,at-risk
INV003057,10,53.7,97,at-risk
INV003058,10,42.2,106,at-risk
INV003060,12,43.1,94,at-risk
INV003061,8,59.6,121,at-risk
INV003063,9,43.4,112,at-risk
INV003065,9,48.8,106,at-risk
INV003068,6,74.0,204,at-risk
INV003069,8,46.1,192,at-risk
INV003070,12,39.6,132,at-risk
INV003073,9,42.9,99,at-risk
INV003074,11,46.3,123,at-risk
INV003075,11,40.2,128,at-risk
INV003077,9,60.5,212,at-risk
INV003078,9,60.6,126,at-risk
INV003079,7,59.7,158,at-risk
INV003082,10,36.1,73,at-risk
INV003083,11,38.1,83,at-risk
INV003086,7,50.0,187,at-risk
INV003089,8,58.0,89,at-risk
INV003091,11,40.7,199,at-risk
INV003095,12,41.1,122,at-risk
INV003097,12,39.9,92,at-risk
INV003099,6,76.8,208,at-risk
INV003100,8,59.3,211,at-risk
INV003101,7,74.7,151,at-risk
INV003102,10,48.9,188,at-risk
INV003105,12,38.5,140,at-risk
INV003110,8,52.1,158,at-risk
INV003111,10,43.6,117,at-risk
INV003112,7,76.3,173,at-risk
INV003113,11,49.0,97,at-risk
INV003115,7,40.0,116,at-risk
INV003116,6,47.6,79,at-risk
INV003117,12,42.4,114,at-risk
INV003119,8,59.6,125,at-risk
INV003120,7,61.7,116,at-risk
INV003121,12,33.2,102,at-risk
INV003123,9,58.4,130,at-risk
INV003124,12,39.0,112,at-risk
INV003125,7,68.3,140,at-risk
INV003128,7,61.3,141,at-risk
INV003129,6,74.4,139,at-risk
INV003130,7,51.3,133,at-risk
INV003134,12,42.1,172,at-risk
INV003139,12,30.1,125,at-risk
INV003140,12,36.3,106,at-risk
INV003141,11,40.5,91,at-risk
INV003144,11,49.5,147,at-risk
INV003146,12,45.0,172,at-risk
INV003150,8,69.4,176,at-risk
INV003151,9,50.6,134,at-risk
INV003153,9,44.6,156,at-risk
INV003158,10,51.0,138,at-risk
INV003159,6,62.4,169,at-risk
INV003160,9,61.6,224,at-risk
INV003161,10,49.9,118,at-risk
INV003165,7,79.5,243,at-risk
INV003166,6,88.6,196,at-risk
INV003167,6,66.8,160,at-risk
INV003168,9,62.1,131,at-risk
INV003169,9,53.6,178,at-risk
INV003171,8,66.7,149,at-risk
INV003173,11,46.4,109,at-risk
INV003174,8,50.1,174,at-risk
INV003176,6,78.4,153,at-risk
INV003178,9,41.0,79,at-risk
INV003179,11,45.0,151,at-risk
INV003184,6,93.6,206,at-risk
INV003185,8,56.9,109,at-risk
INV003187,9,58.2,244,at-risk
INV003188,8,63.9,216,at-risk
INV003189,12,41.8,99,at-risk
INV003190,6,77.2,218,at-risk
INV003191,12,42.6,82,at-risk
INV003192,12,37.3,141,at-risk
INV003193,11,48.3,206,at-risk
INV003194,6,79.6,157,at-risk
INV003196,8,68.9,204,at-risk
INV003200,9,61.2,148,at-risk
INV003201,8,62.4,97,at-risk
INV003202,7,61.5,139,at-risk
INV003203,9,53.6,197,at-risk
INV003205,12,38.6,111,at-risk
INV003206,8,66.9,234,at-risk
INV003208,6,97.0,285,at-risk
INV003209,8,55.7,120,at-risk
INV003210,8,51.6,112,at-risk
INV003211,11,45.9,95,at-risk
INV003212,7,61.5,172,at-risk
INV003214,9,46.8,170,at-risk
INV003215,11,45.1,86,at-risk
INV003218,7,70.3,199,at-risk
INV003219,11,32.9,70,at-risk
INV003220,10,38.4,103,at-risk
INV003221,12,33.4,88,at-risk
INV003222,10,54.3,111,at-risk
INV003223,9,59.2,228,at-risk
INV003224,7,51.2,152,at-risk
INV003225,9,59.0,127,at-risk
INV003226,7,63.2,209,at-risk
INV003227,9,61.8,233,at-risk
INV003228,9,52.6,239,at-risk
INV003230,12,40.1,206,at-risk
INV003231,10,55.3,222,at-risk
INV003232,11,41.8,107,at-risk
INV003234,9,60.4,123,at-risk
INV003235,8,66.0,187,at-risk
INV003236,11,48.3,103,at-risk
INV003237,6,70.2,195,at-risk
INV003238,10,51.3,138,at-risk
INV003240,6,81.4,258,at-risk
INV003242,11,46.7,158,at-risk
INV003243,6,56.6,141,at-risk
INV003244,6,64.6,96,at-risk
INV003247,11,42.3,143,at-risk
INV003248,9,58.9,115,at-risk
INV003250,11,47.9,198,at-risk
INV003252,6,67.6,192,at-risk
INV003253,6,60.0,112,at-risk
INV003254,6,37.0,56,at-risk
INV003256,10,38.0,65,at-risk
INV003257,9,42.0,131,at-risk
INV003258,12,45.2,129,at-risk
INV003260,9,55.9,142,at-risk
INV003262,9,53.2,150,at-risk
INV003263,7,81.2,222,at-risk
INV003264,8,57.4,182,at-risk
INV003267,9,53.1,197,at-risk
INV003269,6,55.8,116,at-risk
INV003270,8,27.9,78,at-risk
INV003271,10,40.8,91,at-risk
INV003273,10,47.8,134,at-risk
INV003276,7,40.3,71,at-risk
INV003277,11,45.4,136,at-risk
INV003279,10,56.3,147,at-risk
INV003287,12,41.7,100,at-risk
INV003288,12,44.5,114,at-risk
INV003289,12,37.0,115,at-risk
INV003291,9,49.0,123,at-risk
INV003294,8,54.0,188,at-risk
INV003295,8,59.4,183,at-risk
INV003296,7,42.0,94,at-risk
INV003297,10,43.2,94,at-risk
INV003298,11,40.1,180,at-risk
INV003300,7,54.0,219,at-risk
INV003301,10,52.8,113,at-risk
INV003304,12,36.2,106,at-risk
INV003306,9,58.9,285,at-risk
INV003308,11,45.4,110,at-risk
INV003310,11,42.4,137,at-risk
INV003311,12,40.0,149,at-risk
INV003313,6,61.4,177,at-risk
INV003314,9,55.1,183,at-risk
INV003315,6,77.4,253,at-risk
INV003317,12,37.3,79,at-risk
INV003320,12,34.5,192,at-risk
INV003321,8,70.3,227,at-risk
INV003324,8,67.0,144,at-risk
INV003325,9,63.1,129,at-risk
INV003329,11,50.5,181,at-risk
INV003331,6,76.2,117,at-risk
INV003332,6,69.8,134,at-risk
INV003336,8,62.0,109,at-risk
INV003338,12,32.3,135,at-risk
INV003340,11,49.2,113,at-risk
INV003341,10,56.0,110,at-risk
INV003342,12,41.7,147,at-risk
INV003343,11,47.5,110,at-risk
INV003344,12,39.4,159,at-risk
INV003345,7,56.8,121,at-risk
INV003346,7,64.8,128,at-risk
INV003347,6,59.6,134,at-risk
INV003350,7,77.0,191,at-risk
INV003351,7,45.0,62,at-risk
INV003352,10,54.3,279,at-risk
INV003354,12,42.4,162,at-risk
INV003355,8,60.6,125,at-risk
INV003357,8,44.6,77,at-risk
INV003359,7,46.3,170,at-risk
INV003360,12,37.8,109,at-risk
INV003363,7,61.8,175,at-risk
INV003366,10,43.6,101,at-risk
INV003369,6,78.6,105,at-risk
INV003370,8,54.3,201,at-risk
INV003372,10,33.0,74,at-risk
INV003373,12,45.5,106,at-risk
INV003374,9,57.6,128,at-risk
INV003375,10,51.3,158,at-risk
INV003376,11,47.8,173,at-risk
INV003377,7,71.5,155,at-risk
INV003379,12,41.0,134,at-risk
INV003380,11,42.7,83,at-risk
INV003381,12,37.7,136,at-risk
INV003382,11,39.0,158,at-risk
INV003387,9,52.1,147,at-risk
INV003388,12,39.1,103,at-risk
INV003389,8,54.9,106,at-risk
INV003391,10,38.8,104,at-risk
INV003393,10,49.6,91,at-risk
INV003394,6,84.2,186,at-risk
INV003395,10,44.8,113,at-risk
INV003396,7,82.3,267,at-risk
INV003398,12,39.8,84,at-risk
INV003399,7,77.8,261,at-risk
INV003401,9,40.9,145,at-risk
INV003402,6,94.6,303,at-risk
INV003403,8,61.9,129,at-risk
INV003404,12,40.7,112,at-risk
INV003405,10,43.0,186,at-risk
INV003406,12,37.5,147,at-risk
INV003407,10,52.7,146,at-risk
INV003408,9,49.1,143,at-risk
INV003409,10,37.7,77,at-risk
INV003410,8,64.4,215,at-risk
INV003411,12,45.0,166,at-risk
INV003412,9,28.6,94,at-risk
INV003415,7,54.0,174,at-risk
INV003419,12,30.3,65,at-risk
INV003420,7,66.7,186,at-risk
INV003421,6,83.6,284,at-risk
INV003422,8,72.6,151,at-risk
INV003423,6,83.8,140,at-risk
INV003424,12,39.9,124,at-risk
INV003426,7,37.3,86,at-risk
INV003427,9,56.5,266,at-risk
INV003428,9,53.9,98,at-risk
INV003429,9,51.1,125,at-risk
INV003430,7,61.2,104,at-risk
INV003431,8,42.9,81,at-risk
INV003432,8,52.6,97,at-risk
INV003435,10,51.6,140,at-risk
INV003436,10,46.2,108,at-risk
INV003437,11,45.9,177,at-risk
INV003438,9,55.2,157,at-risk
INV003448,12,40.6,99,at-risk
INV003449,8,51.9,143,at-risk
INV003450,12,39.0,158,at-risk
INV003452,6,25.6,47,at-risk
INV003455,11,31.7,67,at-risk
INV003457,9,45.4,114,at-risk
INV003458,10,54.2,127,at-risk
INV003459,12,40.9,106,at-risk
INV003460,8,52.4,95,at-risk
INV003462,8,61.9,119,at-risk
INV003463,6,80.4,125,at-risk
INV003469,8,40.0,139,at-risk
INV003473,7,79.8,188,at-risk
INV003475,9,56.0,155,at-risk
INV003477,7,69.5,134,at-risk
INV003478,10,50.3,195,at-risk
INV003479,11,46.0,164,at-risk
INV003480,12,37.5,111,at-risk
INV003484,7,61.5,333,at-risk
INV003487,11,40.7,155,at-risk
INV003491,12,43.0,106,at-risk
INV003492,8,69.1,132,at-risk
INV003494,9,43.1,100,at-risk
INV003495,12,40.3,80,at-risk
INV003496,10,49.6,112,at-risk
INV003503,8,66.9,142,at-risk
INV003505,9,64.0,171,at-risk
INV003506,10,51.1,103,at-risk
INV003509,12,44.3,141,at-risk
INV003511,12,44.5,128,at-risk
INV003513,7,45.8,159,at-risk
INV003514,10,44.6,140,at-risk
INV003518,11,39.6,78,at-risk
INV003521,9,58.8,183,at-risk
INV003524,12,41.8,150,at-risk
INV003525,10,46.1,122,at-risk
INV003526,11,44.1,146,at-risk
INV003527,6,81.4,245,at-risk
INV003528,11,46.9,107,at-risk
INV003530,7,42.5,92,at-risk
INV003531,12,37.2,146,at-risk
INV003532,7,78.5,150,at-risk
INV003533,11,40.0,129,at-risk
INV003534,11,39.4,124,at-risk
INV003535,6,68.0,127,at-risk
INV003536,10,51.6,114,at-risk
INV003537,9,58.4,192,at-risk
INV003539,8,63.9,120,at-risk
INV003540,6,87.8,166,at-risk
INV003541,8,56.6,175,at-risk
INV003543,12,37.5,90,at-risk
INV003545,9,56.6,169,at-risk
INV003546,8,58.9,126,at-risk
INV003552,6,85.8,207,at-risk
INV003553,12,40.5,100,at-risk
INV003554,11,38.9,144,at-risk
INV003556,8,55.4,119,at-risk
INV003557,9,41.8,156,at-risk
INV003558,9,34.9,66,at-risk
INV003559,10,48.3,118,at-risk
INV003561,10,51.7,118,at-risk
INV003562,9,60.4,139,at-risk
INV003563,10,49.3,153,at-risk
INV003564,11,49.7,128,at-risk
INV003565,8,62.7,144,at-risk
INV003566,7,70.3,125,at-risk
INV003567,8,65.7,177,at-risk
INV003568,12,27.4,79,at-risk
INV003569,7,68.2,144,at-risk
INV003571,6,99.6,219,at-risk
INV003572,6,86.8,222,at-risk
INV003573,8,48.7,135,at-risk
INV003574,6,98.0,141,at-risk
INV003579,8,57.4,151,at-risk
INV003580,11,43.6,127,at-risk
INV003581,12,45.8,145,at-risk
INV003582,12,31.4,84,at-risk
INV003586,12,39.6,81,at-risk
INV003587,8,57.3,180,at-risk
INV003590,6,71.0,193,at-risk
INV003592,10,42.2,121,at-risk
INV003593,9,48.9,153,at-risk
INV003594,6,77.0,217,at-risk
INV003597,10,45.9,159,at-risk
INV003598,11,47.6,114,at-risk
INV003599,11,26.8,53,at-risk
INV003600,7,70.8,124,at-risk
INV003601,10,46.6,118,at-risk
INV003602,8,69.6,159,at-risk
INV003604,9,56.4,188,at-risk
INV003607,8,50.3,174,at-risk
INV003608,7,49.2,134,at-risk
INV003609,7,75.2,226,at-risk
INV003611,11,41.3,113,at-risk
INV003612,6,45.8,116,at-risk
INV003613,10,52.4,191,at-risk
INV003614,9,60.8,102,at-risk
INV003616,7,67.7,99,at-risk
INV003619,9,60.4,113,at-risk
INV003620,6,92.6,226,at-risk
INV003625,11,31.2,99,at-risk
INV003626,11,44.9,167,at-risk
INV003627,10,39.4,97,at-risk
INV003630,9,39.4,96,at-risk
INV003633,10,44.9,93,at-risk
INV003634,10,45.3,155,at-risk
INV003635,10,47.1,95,at-risk
INV003636,6,95.0,154,at-risk
INV003637,10,50.4,152,at-risk
INV003638,10,29.0,75,at-risk
INV003639,6,67.0,224,at-risk
INV003641,10,52.1,110,at-risk
INV003642,10,35.6,217,at-risk
INV003643,9,55.4,168,at-risk
INV003644,6,64.0,136,at-risk
INV003645,10,52.9,171,at-risk
INV003647,9,54.2,281,at-risk
INV003648,6,64.8,147,at-risk
INV003649,11,50.4,93,at-risk
INV003650,12,32.9,86,at-risk
INV003651,7,50.7,102,at-risk
INV003654,8,51.9,118,at-risk
INV003655,12,40.7,159,at-risk
INV003656,7,63.3,129,at-risk
INV003658,10,55.0,121,at-risk
INV003660,10,43.9,127,at-risk
INV003661,9,48.6,95,at-risk
INV003663,7,64.7,123,at-risk
INV003666,10,38.4,77,at-risk
INV003669,10,35.7,98,at-risk
INV003670,11,49.6,137,at-risk
INV003671,10,38.6,153,at-risk
INV003672,11,43.7,123,at-risk
INV003673,11,48.2,95,at-risk
INV003674,9,43.5,83,at-risk
INV003675,9,47.4,132,at-risk
INV003677,7,62.0,259,at-risk
INV003678,10,42.2,76,at-risk
INV003680,7,68.5,135,at-risk
INV003681,11,40.8,101,at-risk
INV003683,8,66.0,162,at-risk
INV003684,9,61.4,229,at-risk
INV003685,9,50.2,132,at-risk
INV003686,12,43.9,130,at-risk
INV003691,8,72.1,220,at-risk
INV003693,10,47.6,170,at-risk
INV003695,11,42.0,111,at-risk
INV003696,8,68.3,190,at-risk
INV003697,12,43.0,152,at-risk
INV003698,11,42.6,132,at-risk
INV003702,7,72.7,118,at-risk
INV003705,11,50.5,92,at-risk
INV003707,8,67.9,152,at-risk
INV003708,12,33.0,94,at-risk
INV003709,8,65.4,181,at-risk
INV003710,7,65.5,116,at-risk
INV003711,8,51.6,128,at-risk
INV003712,11,41.0,160,at-risk
INV003713,11,48.9,161,at-risk
INV003716,6,69.8,190,at-risk
INV003717,10,51.9,138,at-risk
INV003718,8,68.1,161,at-risk
INV003720,11,42.5,116,at-risk
INV003722,11,43.2,135,at-risk
INV003723,9,47.1,124,at-risk
INV003724,11,42.7,122,at-risk
INV003731,12,41.5,86,at-risk
INV003732,12,42.5,82,at-risk
INV003733,10,49.3,110,at-risk
INV003734,10,48.1,290,at-risk
INV003735,11,38.1,104,at-risk
INV003736,12,42.1,65,at-risk
INV003737,10,53.6,188,at-risk
INV003738,9,41.4,117,at-risk
INV003739,7,58.3,142,at-risk
INV003740,11,31.1,155,at-risk
INV003741,9,50.8,137,at-risk
INV003743,6,63.4,88,at-risk
INV003744,12,45.5,98,at-risk
INV003745,12,35.4,71,at-risk
INV003747,7,63.3,133,at-risk
INV003748,12,36.9,100,at-risk
INV003750,6,90.8,337,at-risk
INV003751,6,80.2,232,at-risk
INV003756,9,55.1,98,at-risk
INV003757,9,61.4,93,at-risk
INV003761,10,40.3,99,at-risk
INV003762,8,51.7,191,at-risk
INV003765,7,78.5,192,at-risk
INV003766,12,45.0,121,at-risk
INV003767,12,39.4,125,at-risk
INV003769,8,65.6,220,at-risk
INV003771,12,45.5,130,at-risk
INV003772,11,36.8,72,at-risk
INV003773,6,75.8,167,at-risk
INV003775,9,50.9,151,at-risk
INV003778,10,51.0,148,at-risk
INV003779,8,54.6,149,at-risk
INV003780,10,44.7,135,at-risk
INV003781,11,40.9,199,at-risk
INV003782,11,45.3,98,at-risk
INV003783,11,45.1,111,at-risk
INV003785,7,61.8,160,at-risk
INV003787,12,46.0,154,at-risk
INV003788,6,89.4,153,at-risk
INV003789,7,70.3,235,at-risk
INV003791,11,47.1,135,at-risk
INV003792,7,42.3,68,at-risk
INV003793,9,54.2,199,at-risk
INV003794,11,38.5,120,at-risk
INV003795,12,36.9,91,at-risk
INV003797,8,67.1,189,at-risk
INV003798,9,57.5,163,at-risk
INV003799,8,63.1,125,at-risk
INV003801,6,71.6,208,at-risk
INV003803,7,76.3,240,at-risk
INV003806,7,69.2,209,at-risk
INV003808,10,45.7,139,at-risk
INV003809,6,73.8,121,at-risk
INV003810,8,62.3,234,at-risk
INV003811,11,48.9,133,at-risk
INV003812,11,39.7,132,at-risk
INV003813,8,58.7,122,at-risk
INV003815,12,42.2,217,at-risk
INV003817,6,85.8,246,at-risk
INV003821,7,79.3,191,at-risk
INV003822,9,41.1,80,at-risk
INV003823,7,47.8,154,at-risk
INV003824,12,39.0,182,at-risk
INV003825,8,58.0,99,at-risk
INV003828,10,25.0,109,at-risk
INV003829,12,40.2,130,at-risk
INV003830,10,47.3,115,at-risk
INV003832,8,61.6,170,at-risk
INV003833,6,39.4,113,at-risk
INV003834,6,68.2,97,at-risk
INV003835,7,61.3,147,at-risk
INV003836,7,70.0,123,at-risk
INV003844,11,44.0,123,at-risk
INV003846,8,70.0,299,at-risk
INV003847,12,43.8,132,at-risk
INV003848,9,43.5,136,at-risk
INV003849,8,55.1,108,at-risk
INV003851,11,38.0,92,at-risk
INV003853,9,57.2,143,at-risk
INV003855,6,62.8,116,at-risk
INV003857,7,50.3,142,at-risk
INV003860,11,49.8,209,at-risk
INV003862,9,45.9,129,at-risk
INV003865,10,56.8,147,at-risk
INV003868,9,54.8,165,at-risk
INV003872,11,36.3,70,at-risk
INV003874,9,47.1,192,at-risk
INV003876,10,50.0,94,at-risk
INV003877,6,49.8,85,at-risk
INV003880,8,68.6,193,at-risk
INV003882,7,69.3,299,at-risk
INV003883,8,30.7,74,at-risk
INV003885,7,59.7,163,at-risk
INV003887,8,53.0,199,at-risk
INV003888,10,53.7,137,at-risk
INV003892,12,45.2,112,at-risk
INV003894,9,54.9,89,at-risk
INV003896,8,59.0,174,at-risk
INV003897,6,71.6,144,at-risk
INV003899,9,52.2,124,at-risk
INV003901,10,41.7,149,at-risk
INV003902,10,54.1,186,at-risk
INV003903,11,35.2,111,at-risk
INV003905,7,62.5,103,at-risk
INV003906,11,49.6,115,at-risk
INV003907,8,48.4,123,at-risk
INV003908,9,47.1,112,at-risk
INV003909,8,51.4,72,at-risk
INV003910,8,54.4,204,at-risk
INV003911,8,64.6,187,at-risk
INV003912,9,58.9,140,at-risk
INV003913,8,61.4,136,at-risk
INV003916,10,41.8,114,at-risk
INV003918,12,39.5,124,at-risk
INV003920,12,42.5,132,at-risk
INV003925,7,68.3,164,at-risk
INV003926,8,68.3,155,at-risk
INV003936,12,41.0,96,at-risk
INV003938,11,38.3,70,at-risk
INV003940,12,41.8,151,at-risk
INV003942,8,70.3,180,at-risk
INV003943,11,34.0,88,at-risk
INV003945,11,41.7,90,at-risk
INV003946,9,53.1,129,at-risk
INV003947,7,56.5,125,at-risk
INV003948,9,32.8,76,at-risk
INV003951,9,61.6,170,at-risk
INV003952,9,43.6,95,at-risk
INV003957,11,50.0,91,at-risk
INV003958,12,42.8,124,at-risk
INV003960,6,76.0,146,at-risk
INV003961,11,47.3,136,at-risk
INV003962,11,48.1,218,at-risk
INV003964,12,41.9,130,at-risk
INV003967,7,63.5,116,at-risk
INV003968,10,51.3,199,at-risk
INV003970,10,48.1,148,at-risk
INV003972,9,52.6,156,at-risk
INV003973,9,52.0,125,at-risk
INV003974,12,44.5,120,at-risk
INV003975,11,41.6,125,at-risk
INV003977,8,61.7,149,at-risk
INV003978,10,53.0,124,at-risk
INV003979,12,35.6,71,at-risk
INV003981,10,45.1,75,at-risk
INV003982,7,62.2,143,at-risk
INV003985,7,77.5,191,at-risk
INV003986,7,61.2,206,at-risk
INV003987,9,52.0,92,at-risk
INV003989,9,50.9,138,at-risk
INV003992,6,84.6,210,at-risk
INV003995,6,50.6,175,at-risk
INV003996,9,59.5,177,at-risk
INV003997,8,59.9,167,at-risk
INV004001,10,33.2,81,at-risk
INV004003,9,43.4,146,at-risk
INV004004,12,34.2,88,at-risk
INV004005,11,49.9,184,at-risk
INV004006,10,29.6,78,at-risk
INV004007,9,46.2,123,at-risk
INV004009,10,49.7,87,at-risk
INV004011,7,70.3,192,at-risk
INV004014,11,49.5,93,at-risk
INV004015,11,47.1,126,at-risk
INV004017,11,31.3,70,at-risk
INV004018,7,80.3,147,at-risk
INV004019,8,69.9,169,at-risk
INV004023,10,52.0,93,at-risk
INV004024,12,36.1,92,at-risk
INV004025,6,62.2,248,at-risk
INV004026,7,63.0,188,at-risk
INV004028,10,45.2,96,at-risk
INV004030,8,70.1,142,at-risk
INV004032,8,55.6,175,at-risk
INV004033,9,56.2,168,at-risk
INV004036,6,61.6,94,at-risk
INV004037,8,53.3,137,at-risk
INV004038,12,44.3,127,at-risk
INV004040,7,72.0,169,at-risk
INV004044,6,80.6,216,at-risk
INV004045,7,45.5,108,at-risk
INV004049,11,32.3,67,at-risk
INV004050,8,56.0,167,at-risk
INV004051,10,48.7,89,at-risk
INV004052,7,80.7,175,at-risk
INV004058,6,83.8,184,at-risk
INV004063,12,36.0,117,at-risk
INV004064,12,41.6,97,at-risk
INV004066,10,50.1,167,at-risk
INV004067,8,53.0,142,at-risk
INV004069,9,48.5,196,at-risk
INV004070,12,36.9,107,at-risk
INV004071,6,75.2,134,at-risk
INV004073,7,62.5,148,at-risk
INV004075,7,69.5,256,at-risk
INV004076,6,76.2,174,at-risk
INV004078,9,53.4,160,at-risk
INV004079,10,50.7,164,at-risk
INV004080,8,62.7,121,at-risk
INV004084,7,51.2,170,at-risk
INV004085,10,51.7,138,at-risk
INV004089,9,49.2,106,at-risk
INV004091,11,41.4,184,at-risk
INV004094,8,66.0,183,at-risk
INV004096,11,48.5,146,at-risk
INV004098,8,41.6,63,at-risk
INV004099,10,38.1,167,at-risk
INV004100,11,38.9,118,at-risk
INV004102,7,79.8,247,at-risk
INV004104,9,53.1,133,at-risk
INV004106,6,55.8,151,at-risk
INV004108,7,52.5,165,at-risk
INV004109,7,68.3,99,at-risk
INV004110,7,66.0,280,at-risk
INV004112,9,34.5,76,at-risk
INV004114,7,31.5,76,at-risk
INV004116,11,49.4,117,at-risk
INV004117,6,20.2,57,at-risk
INV004118,9,49.9,98,at-risk
INV004119,8,64.0,195,at-risk
INV004123,6,85.0,138,at-risk
INV004124,10,43.9,99,at-risk
INV004125,12,44.8,142,at-risk
INV004127,9,63.2,190,at-risk
INV004128,12,45.0,156,at-risk
INV004130,7,65.7,137,at-risk
INV004131,7,65.5,211,at-risk
INV004132,6,78.2,141,at-risk
INV004134,8,39.3,98,at-risk
INV004135,12,41.0,164,at-risk
INV004137,10,19.4,36,at-risk
INV004138,10,48.4,143,at-risk
INV004140,8,68.6,130,at-risk
INV004142,9,60.5,131,at-risk
INV004143,10,53.9,137,at-risk
INV004145,11,33.1,125,at-risk
INV004146,10,49.0,173,at-risk
INV004147,7,61.0,136,at-risk
INV004148,9,50.9,113,at-risk
INV004149,7,61.5,130,at-risk
INV004151,12,45.1,141,at-risk
INV004152,7,60.8,131,at-risk
INV004153,11,42.0,96,at-risk
INV004154,12,46.7,90,at-risk
INV004161,6,88.8,260,at-risk
INV004163,7,46.5,114,at-risk
INV004165,7,69.3,201,at-risk
INV004172,10,49.0,196,at-risk
INV004173,8,71.3,170,at-risk
INV004174,9,60.5,192,at-risk
INV004175,8,67.9,133,at-risk
INV004177,10,35.3,117,at-risk
INV004179,10,39.6,127,at-risk
INV004181,8,66.7,149,at-risk
INV004184,10,40.2,151,at-risk
INV004185,6,49.8,105,at-risk
INV004190,6,72.6,154,at-risk
INV004191,11,48.7,161,at-risk
INV004196,10,52.2,112,at-risk
INV004199,7,48.5,138,at-risk
INV004201,7,43.2,97,at-risk
INV004202,9,47.6,114,at-risk
INV004203,10,51.8,98,at-risk
INV004204,7,72.0,275,at-risk
INV004205,9,51.5,164,at-risk
INV004208,9,45.9,156,at-risk
INV004210,6,48.8,77,at-risk
INV004212,9,52.0,131,at-risk
INV004216,8,70.3,195,at-risk
INV004222,6,58.0,141,at-risk
INV004223,12,43.4,103,at-risk
INV004224,7,43.8,121,at-risk
INV004225,8,43.7,105,at-risk
INV004226,10,53.4,118,at-risk
INV004228,10,48.2,112,at-risk
INV004230,10,53.6,127,at-risk
INV004231,12,39.6,107,at-risk
INV004232,12,32.5,68,at-risk
INV004233,7,70.5,195,at-risk
INV004237,8,65.6,215,at-risk
INV004239,9,53.5,130,at-risk
INV004241,12,43.9,115,at-risk
INV004243,12,38.6,73,at-risk
INV004246,11,45.2,127,at-risk
INV004247,8,67.9,142,at-risk
INV004248,8,62.9,184,at-risk
INV004250,6,74.4,139,at-risk
INV004252,8,58.1,265,at-risk
INV004253,6,100.8,221,at-risk
INV004254,9,59.8,317,at-risk
INV004257,6,89.2,135,at-risk
INV004258,11,43.2,105,at-risk
INV004262,6,73.0,151,at-risk
INV004263,6,91.2,149,at-risk
INV004264,8,53.7,207,at-risk
INV004265,7,70.2,180,at-risk
INV004266,11,37.1,79,at-risk
INV004267,12,38.4,95,at-risk
INV004268,7,73.7,245,at-risk
INV004270,11,49.5,182,at-risk
INV004271,12,41.5,142,at-risk
INV004272,8,35.0,98,at-risk
INV004273,6,75.8,171,at-risk
INV004274,11,48.2,86,at-risk
INV004276,9,20.2,47,at-risk
INV004278,12,34.2,85,at-risk
INV004279,11,35.2,100,at-risk
INV004280,7,72.7,256,at-risk
INV004281,11,45.3,161,at-risk
INV004282,10,48.6,105,at-risk
INV004283,11,35.5,103,at-risk
INV004285,11,46.6,169,at-risk
INV004287,8,45.6,109,at-risk
INV004288,12,41.7,132,at-risk
INV004289,12,41.7,201,at-risk
INV004290,12,44.6,128,at-risk
INV004293,10,48.4,142,at-risk
INV004294,8,63.1,119,at-risk
INV004295,12,42.3,103,at-risk
INV004296,11,51.1,151,at-risk
INV004297,12,44.0,149,at-risk
INV004298,8,43.7,155,at-risk
INV004299,11,49.1,175,at-risk
INV004300,6,32.8,62,at-risk
INV004302,7,64.3,169,at-risk
INV004303,6,54.6,105,at-risk
INV004306,10,43.2,118,at-risk
INV004307,7,50.5,139,at-risk
INV004308,10,56.4,244,at-risk
INV004310,6,79.6,174,at-risk
INV004314,9,51.9,137,at-risk
INV004316,8,33.0,78,at-risk
INV004318,9,49.8,106,at-risk
INV004319,12,44.0,131,at-risk
INV004320,6,83.4,336,at-risk
INV004321,11,33.6,69,at-risk
INV004322,6,58.0,75,at-risk
INV004324,12,42.4,93,at-risk
INV004326,12,32.8,78,at-risk
INV004329,6,80.6,176,at-risk
INV004332,11,45.3,112,at-risk
INV004333,7,39.3,126,at-risk
INV004334,6,76.4,184,at-risk
INV004335,9,56.4,104,at-risk
INV004336,7,71.3,124,at-risk
INV004337,6,74.4,150,at-risk
INV004338,12,40.0,162,at-risk
INV004339,9,56.5,225,at-risk
INV004340,9,62.5,252,at-risk
INV004341,8,56.1,124,at-risk
INV004342,6,77.6,145,at-risk
INV004343,12,40.1,85,at-risk
INV004345,12,36.5,114,at-risk
INV004346,6,67.4,187,at-risk
INV004347,8,47.4,82,at-risk
INV004348,11,42.8,120,at-risk
INV004349,11,47.9,159,at-risk
INV004352,6,79.8,118,at-risk
INV004353,9,50.4,102,at-risk
INV004354,6,59.6,97,at-risk
INV004356,10,38.7,194,at-risk
INV004357,10,56.3,305,at-risk
INV004358,12,41.5,135,at-risk
INV004360,9,58.5,144,at-risk
INV004361,10,47.9,124,at-risk
INV004362,11,41.8,155,at-risk
INV004363,10,53.3,202,at-risk
INV004364,10,44.8,173,at-risk
INV004365,12,41.8,109,at-risk
INV004366,8,44.6,79,at-risk
INV004367,7,79.5,194,at-risk
INV004368,6,64.8,182,at-risk
INV004369,9,45.9,149,at-risk
INV004372,12,33.9,136,at-risk
INV004374,10,53.6,128,at-risk
INV004375,6,83.6,166,at-risk
INV004376,12,39.7,145,at-risk
INV004378,7,81.2,212,at-risk
INV004379,8,56.4,110,at-risk
INV004380,6,96.8,212,at-risk
INV004381,7,70.3,142,at-risk
INV004384,9,52.8,143,at-risk
INV004388,12,42.7,163,at-risk
INV004391,7,49.0,96,at-risk
INV004392,10,50.2,99,at-risk
INV004393,7,45.8,164,at-risk
INV004398,6,93.0,177,at-risk
INV004400,11,39.0,97,at-risk
INV004401,9,61.1,125,at-risk
INV004403,10,45.6,150,at-risk
INV004407,7,43.5,125,at-risk
INV004408,7,63.7,111,at-risk
INV004410,12,37.2,113,at-risk
INV004411,9,53.4,111,at-risk
INV004412,8,70.6,158,at-risk
INV004413,11,48.3,113,at-risk
INV004414,10,41.9,176,at-risk
INV004418,7,39.5,103,at-risk
INV004421,9,56.8,187,at-risk
INV004427,12,46.2,125,at-risk
INV004428,11,37.3,119,at-risk
INV004434,12,45.7,92,at-risk
INV004436,8,53.9,108,at-risk
INV004437,8,51.3,103,at-risk
INV004439,6,57.8,122,at-risk
INV004440,6,67.8,295,at-risk
INV004442,11,41.6,157,at-risk
INV004443,11,42.0,111,at-risk
INV004445,6,85.2,249,at-risk
INV004446,11,45.1,122,at-risk
INV004447,10,33.2,66,at-risk
INV004448,8,49.3,164,at-risk
INV004450,12,33.9,100,at-risk
INV004451,8,60.4,137,at-risk
INV004452,11,48.6,134,at-risk
INV004454,11,49.2,101,at-risk
INV004455,12,33.4,105,at-risk
INV004457,11,47.7,188,at-risk
INV004458,6,29.4,87,at-risk
INV004459,11,39.5,92,at-risk
INV004460,11,34.0,93,at-risk
INV004461,9,32.4,52,at-risk
INV004463,10,52.7,211,at-risk
INV004464,8,53.6,142,at-risk
INV004465,11,44.8,109,at-risk
INV004466,10,51.3,166,at-risk
INV004467,8,48.6,235,at-risk
INV004468,9,57.6,128,at-risk
INV004472,11,49.9,145,at-risk
INV004473,10,48.9,93,at-risk
INV004474,7,66.7,190,at-risk
INV004475,11,40.7,87,at-risk
INV004476,9,56.8,126,at-risk
INV004477,10,45.7,96,at-risk
INV004481,9,31.8,66,at-risk
INV004482,8,70.3,225,at-risk
INV004483,6,83.6,345,at-risk
INV004484,10,35.2,134,at-risk
INV004486,6,77.0,190,at-risk
INV004487,7,19.7,46,at-risk
INV004492,7,61.3,128,at-risk
INV004493,11,50.3,116,at-risk
INV004495,8,67.7,159,at-risk
INV004496,11,49.7,138,at-risk
INV004497,12,45.6,131,at-risk
INV004498,7,76.3,136,at-risk
INV004502,11,44.7,94,at-risk
INV004504,10,42.9,160,at-risk
INV004505,11,43.0,118,at-risk
INV004508,11,42.6,181,at-risk
INV004509,6,81.6,175,at-risk
INV004510,7,78.7,264,at-risk
INV004511,7,66.8,215,at-risk
INV004513,10,53.4,169,at-risk
INV004514,6,84.8,213,at-risk
INV004515,8,50.1,119,at-risk
INV004517,8,61.9,160,at-risk
INV004518,7,70.8,115,at-risk
INV004519,7,68.7,209,at-risk
INV004520,7,65.0,188,at-risk
INV004521,12,33.0,76,at-risk
INV004522,6,93.8,174,at-risk
INV004523,10,48.4,107,at-risk
INV004526,10,37.9,173,at-risk
INV004527,9,50.9,161,at-risk
INV004528,7,54.0,149,at-risk
INV004529,8,65.7,176,at-risk
INV004531,10,47.6,159,at-risk
INV004533,8,53.7,118,at-risk
INV004534,9,49.4,118,at-risk
INV004540,12,33.5,77,at-risk
INV004542,11,32.6,59,at-risk
INV004544,9,48.9,147,at-risk
INV004545,7,42.0,72,at-risk
INV004547,11,41.1,165,at-risk
INV004548,6,99.8,290,at-risk
INV004549,6,67.8,163,at-risk
INV004551,9,46.8,108,at-risk
INV004553,9,56.1,120,at-risk
INV004555,10,42.0,151,at-risk
INV004560,10,43.0,72,at-risk
INV004562,9,52.4,137,at-risk
INV004563,10,55.9,211,at-risk
INV004565,7,77.8,198,at-risk
INV004567,7,76.3,309,at-risk
INV004574,12,36.5,87,at-risk
INV004576,8,60.9,132,at-risk
INV004578,6,58.4,108,at-risk
INV004579,11,31.0,77,at-risk
INV004581,9,63.1,119,at-risk
INV004582,11,50.5,156,at-risk
INV004583,7,78.7,148,at-risk
INV004584,9,34.2,85,at-risk
INV004587,7,71.8,179,at-risk
INV004589,10,47.3,140,at-risk
INV004591,9,48.5,163,at-risk
INV004592,9,45.8,115,at-risk
INV004593,11,48.0,125,at-risk
INV004594,12,43.3,122,at-risk
INV004595,9,37.4,136,at-risk
INV004598,12,38.3,129,at-risk
INV004600,11,48.4,116,at-risk
INV004602,12,43.4,191,at-risk
INV004605,11,49.3,105,at-risk
INV004606,8,43.3,84,at-risk
INV004607,9,49.0,164,at-risk
INV004608,10,42.8,96,at-risk
INV004609,6,81.8,172,at-risk
INV004611,11,33.4,134,at-risk
INV004614,9,49.8,110,at-risk
INV004616,8,69.4,158,at-risk
INV004617,12,43.2,90,at-risk
INV004619,10,45.7,114,at-risk
INV004621,12,39.5,125,at-risk
INV004623,6,61.6,122,at-risk
INV004625,11,48.2,114,at-risk
INV004626,6,72.2,294,at-risk
INV004627,9,48.6,141,at-risk
INV004629,12,41.1,175,at-risk
INV004630,12,36.8,95,at-risk
INV004631,11,47.0,108,at-risk
INV004633,12,45.1,189,at-risk
INV004634,6,65.6,141,at-risk
INV004635,9,44.0,141,at-risk
INV004636,11,41.3,138,at-risk
INV004638,11,43.1,87,at-risk
INV004639,8,57.9,161,at-risk
INV004640,11,42.2,174,at-risk
INV004641,10,37.7,99,at-risk
INV004642,7,65.8,232,at-risk
INV004643,9,37.0,101,at-risk
INV004646,9,48.4,138,at-risk
INV004647,9,54.9,138,at-risk
INV004648,7,39.7,83,at-risk
INV004650,10,44.9,143,at-risk
INV004651,10,47.8,103,at-risk
INV004653,8,70.4,262,at-risk
INV004654,8,64.7,170,at-risk
INV004655,8,56.7,147,at-risk
INV004656,7,80.5,234,at-risk
INV004659,9,44.0,81,at-risk
INV004660,7,72.2,232,at-risk
INV004661,11,48.8,181,at-risk
INV004664,7,62.8,182,at-risk
INV004665,10,46.3,137,at-risk
INV004666,6,70.2,116,at-risk
INV004669,6,58.4,148,at-risk
INV004672,11,44.4,91,at-risk
INV004673,8,46.1,127,at-risk
INV004678,7,82.7,184,at-risk
INV004680,8,40.4,155,at-risk
INV004682,11,33.8,83,at-risk
INV004687,6,62.0,94,at-risk
INV004688,10,45.0,181,at-risk
INV004689,7,48.0,89,at-risk
INV004691,9,54.4,139,at-risk
INV004692,12,44.8,172,at-risk
INV004693,8,59.1,161,at-risk
INV004694,7,73.2,241,at-risk
INV004695,10,55.3,175,at-risk
INV004701,11,46.8,188,at-risk
INV004704,12,43.1,113,at-risk
INV004709,6,67.4,164,at-risk
INV004711,9,54.4,222,at-risk
INV004712,11,37.2,68,at-risk
INV004715,8,48.7,119,at-risk
INV004716,9,55.5,114,at-risk
INV004719,6,38.6,59,at-risk
INV004720,8,52.1,122,at-risk
INV004722,9,54.2,163,at-risk
INV004724,6,68.0,127,at-risk
INV004731,7,55.7,112,at-risk
INV004733,12,37.5,141,at-risk
INV004734,7,61.5,185,at-risk
INV004735,6,94.8,285,at-risk
INV004737,12,44.6,113,at-risk
INV004738,11,46.6,104,at-risk
INV004739,9,59.9,162,at-risk
INV004741,10,50.4,157,at-risk
INV004742,7,60.7,138,at-risk
INV004744,9,46.6,123,at-risk
INV004745,8,54.1,137,at-risk
INV004747,6,92.8,151,at-risk
INV004748,8,59.4,123,at-risk
INV004752,7,57.3,164,at-risk
INV004753,11,39.0,84,at-risk
INV004754,8,58.7,133,at-risk
INV004755,10,40.8,172,at-risk
INV004756,11,47.2,94,at-risk
INV004761,10,41.0,122,at-risk
INV004763,12,45.5,177,at-risk
INV004764,11,41.5,94,at-risk
INV004769,8,57.6,174,at-risk
INV004770,12,46.6,94,at-risk
INV004771,7,75.7,189,at-risk
INV004774,9,53.4,147,at-risk
INV004776,10,51.0,145,at-risk
INV004780,12,41.2,85,at-risk
INV004784,6,84.8,114,at-risk
INV004785,8,62.1,248,at-risk
INV004787,10,54.8,118,at-risk
INV004790,9,35.2,96,at-risk
INV004794,10,52.1,197,at-risk
INV004796,7,28.8,68,at-risk
INV004797,11,50.5,173,at-risk
INV004798,9,53.0,106,at-risk
INV004801,6,81.4,287,at-risk
INV004802,11,36.0,184,at-risk
INV004803,6,83.2,209,at-risk
INV004804,12,37.1,137,at-risk
INV004805,9,36.4,69,at-risk
INV004807,10,51.6,206,at-risk
INV004811,12,40.4,165,at-risk
INV004812,6,50.6,169,at-risk
INV004813,11,40.7,190,at-risk
INV004817,6,95.2,187,at-risk
INV004818,10,44.0,137,at-risk
INV004819,11,42.1,97,at-risk
INV004821,10,30.9,77,at-risk
INV004822,10,44.1,127,at-risk
INV004823,9,51.8,107,at-risk
INV004825,10,46.7,141,at-risk
INV004826,11,44.3,121,at-risk
INV004827,7,63.7,179,at-risk
INV004828,7,49.7,109,at-risk
INV004829,6,67.0,155,at-risk
INV004830,6,70.8,222,at-risk
INV004831,7,83.8,177,at-risk
INV004833,12,42.5,140,at-risk
INV004834,10,34.3,106,at-risk
INV004835,9,60.5,179,at-risk
INV004836,10,48.2,168,at-risk
INV004837,7,74.5,145,at-risk
INV004840,12,39.3,77,at-risk
INV004841,10,52.4,209,at-risk
INV004843,8,50.9,153,at-risk
INV004844,10,44.4,118,at-risk
INV004845,11,47.2,124,at-risk
INV004846,7,59.5,137,at-risk
INV004847,9,55.1,174,at-risk
INV004848,11,45.3,166,at-risk
INV004849,10,39.0,158,at-risk
INV004850,12,38.4,86,at-risk
INV004851,7,65.7,104,at-risk
INV004853,7,57.5,137,at-risk
INV004854,6,96.0,174,at-risk
INV004855,11,34.1,98,at-risk
INV004857,7,70.3,166,at-risk
INV004858,7,67.0,233,at-risk
INV004860,9,49.0,129,at-risk
INV004863,10,47.1,194,at-risk
INV004864,12,38.5,114,at-risk
INV004865,11,45.8,130,at-risk
INV004866,10,36.9,86,at-risk
INV004868,12,36.1,213,at-risk
INV004871,12,45.9,170,at-risk
INV004874,10,46.8,116,at-risk
INV004875,9,58.6,186,at-risk
INV004876,6,82.0,173,at-risk
INV004877,7,80.5,276,at-risk
INV004880,6,58.2,80,at-risk
INV004885,12,42.8,119,at-risk
INV004886,6,65.8,134,at-risk
INV004887,8,57.1,116,at-risk
INV004888,7,53.5,115,at-risk
INV004889,11,44.7,85,at-risk
INV004891,12,43.0,82,at-risk
INV004892,8,58.3,109,at-risk
INV004896,12,39.7,114,at-risk
INV004899,8,67.0,124,at-risk
INV004900,8,42.3,81,at-risk
INV004901,9,41.5,96,at-risk
INV004903,6,86.2,173,at-risk
INV004908,6,74.4,162,at-risk
INV004910,10,47.7,126,at-risk
INV004911,12,34.7,81,at-risk
INV004913,10,48.3,138,at-risk
INV004914,9,60.9,256,at-risk
INV004915,10,56.9,257,at-risk
INV004916,10,54.1,162,at-risk
INV004917,8,59.3,109,at-risk
INV004918,10,55.1,192,at-risk
INV004919,11,50.5,149,at-risk
INV004922,12,39.0,129,at-risk
INV004924,10,53.1,116,at-risk
INV004925,10,51.0,102,at-risk
INV004926,12,43.6,100,at-risk
INV004927,12,39.2,213,at-risk
INV004930,6,75.0,207,at-risk
INV004932,9,52.2,150,at-risk
INV004933,7,45.3,132,at-risk
INV004934,8,47.1,122,at-risk
INV004938,6,70.0,119,at-risk
INV004939,12,38.8,90,at-risk
INV004942,6,25.6,42,at-risk
INV004945,9,58.4,208,at-risk
INV004947,10,44.6,122,at-risk
INV004948,8,54.7,175,at-risk
INV004950,7,73.2,169,at-risk
INV004951,6,73.6,159,at-risk
INV004953,10,44.8,131,at-risk
INV004956,11,41.4,155,at-risk
INV004957,8,68.6,137,at-risk
INV004958,8,62.7,96,at-risk
INV004959,9,44.2,88,at-risk
INV004961,9,59.1,240,at-risk
INV004962,10,38.8,163,at-risk
INV004963,7,73.3,108,at-risk
INV004967,8,57.9,111,at-risk
INV004968,7,24.5,42,at-risk
INV004969,9,46.0,149,at-risk
INV004970,7,68.5,165,at-risk
INV004972,6,84.8,241,at-risk
INV004973,11,44.0,90,at-risk
INV004974,11,36.7,100,at-risk
INV004978,9,55.1,120,at-risk
INV004980,8,57.7,143,at-risk
INV004981,12,43.1,115,at-risk
INV004982,9,52.0,117,at-risk
INV004983,10,41.6,128,at-risk
INV004984,12,41.1,129,at-risk
INV004986,8,69.7,185,at-risk
INV004989,8,61.7,149,at-risk
INV004990,7,51.5,105,at-risk
INV004992,12,44.5,170,at-risk
INV004993,7,74.3,176,at-risk
INV004996,11,41.7,104,at-risk
INV004997,11,48.2,248,at-risk
INV004998,6,80.2,177,at-risk
INV004999,9,54.9,128,at-risk
