date,nav
,111.8637
,111.5608
,112.048
,112.9309
,112.6299
,112.6303
,112.7138
,112.6609
,112.0533
,112.2201
,112.2447
,111.5957
,112.0096
,112.2629
,112.4854
,112.6937
,112.8483
,112.9274
,113.0722
,112.7941
,113.1834
,113.176
,112.916
,113.3801
,111.5685
,110.6762
,110.3876
,109.3376
,109.3678
,108.0484
,108.5863
,109.2279
,110.1859
,109.8895
,109.8582
,109.2867
,109.6775
,109.0188
,109.605
,109.7969
,108.7362
,107.9598
,110.0997
,110.2532
,109.3672
,109.4883
,108.6895
,108.0088
,107.7804
,108.3758
,108.2944
,107.5421
,108.4681
,107.9636
,108.0081
,107.5348
,107.014
,106.5977
,105.2124
,102.8808
,103.1873
,103.5259
,102.4845
,103.8102
,103.6421
,103.4809
,103.5959
,103.0948
,104.3083
,104.3129
,105.9296
,105.5115
,105.9217
,104.7708
,104.4915
,104.6046
,104.2767
,104.1556
,104.2918
,104.5531
,103.396
,103.3384
,105.6066
,107.15
,107.6729
,107.3354
,105.8387
,105.7449
,105.2845
,106.0698
,105.6212
,106.0528
,105.0928
,106.1301
,106.8299
,107.2434
,106.2063
,105.9826
,105.117
,104.9259
,103.2303
,104.1348
,102.5494
,103.2833
,99.3876
,98.8014
,97.52
,97.7184
,96.2753
,96.2768
,98.6739
,100.7319
,98.6597
,96.713
,99.6142
,99.1597
,102.4592
,101.2496
,100.396
,99.7111
,101.9718
,102.9776
,104.7593
,103.3882
,105.405
,106.7297
,105.4928
,107.5231
,108.9325
,108.9345
,110.2945
,109.9293
,109.3681
,110.291
,109.5273
,109.0091
,110.6303
,110.0806
,109.8444
,109.3409
,110.5365
,110.8392
,110.6519
,110.3845
,109.1756
,109.0137
,109.288
,109.0955
,106.1596
,107.1897
,107.1918
,107.1759
,107.0296
,105.945
,105.7171
,106.8714
,106.0731
,106.5056
,108.3617
,108.6446
,108.5048
,108.8425
,108.8931
,108.8498
,110.0573
,111.3106
,111.2492
,111.1802
,111.5357
,110.5516
,110.2419
,109.5506
,109.8211
,110.2666
,110.6485
,110.852
,110.7862
,110.1534
,109.2532
,109.3091
,109.7392
,110.3582
,110.519
,109.7762
,109.0886
,109.7035
,109.6141
,111.1487
,110.8486
,110.7813
,111.2677
,111.6365
,111.8311
,111.8357
,111.8115
,111.8355
,110.5608
,110.661
,111.1918
,112.0795
,111.7018
,111.1769
,111.7933
,111.2034
,111.4226
,111.5788
,111.1622
,110.9776
,110.4431
,110.4409
,111.4046
,111.7992
,111.0948
,111.8699
,112.4068
,111.9031
,112.2705
,111.6549
,111.8587
,111.9025
,111.7489
,111.5399
,110.7365
,109.6634
,109.9552
,109.959
,109.5882
,109.065
,109.3201
,108.9326
,108.1386
,107.8239
,107.3134
,107.2246
,108.9191
,109.7608
,110.3401
,110.7182
,111.231
,111.5335
,111.2323
,110.8008
,110.1522
,110.0814
,109.7409
,109.7209
,109.2062
,108.9657
,108.7583
,108.9265
,108.7666
,108.2047
,108.3462
,107.1217
,107.1259
,107.4756
,108.7132
,109.9294
,109.6513
,110.1151
,110.0113
,109.5723
,109.045
,107.8455
,107.7607
,106.9215
,107.3883
,106.5285
,107.8011
,107.5084
,108.0923
,108.1149
,107.3597
,108.4305
,108.8599
,108.5168
,107.8724
,108.763
,109.8416
,110.268
,109.7437
,109.7098
,108.78
,109.3117
,109.4752
,109.4895
,108.827
,108.6737
,109.7323
,110.2936
,110.1649
,109.9783
,110.133
,109.8742
,110.2267
,110.588
,110.6845
,110.74
,110.2355
,109.3692
,108.5319
,107.9543
,108.1514
,106.6482
,107.2775
,107.5374
,107.9842
,107.014
,107.5691
,108.7816
,108.8321
,108.9621
,108.4007
,107.5533
,107.0655
,106.5283
,107.0707
,106.9766
,106.9783
,107.1679
,106.7675
,107.03
,107.4818
,107.0146
,106.1852
,106.6077
,105.8304
,107.379
,107.4778
,107.2349
,106.0607
,105.499
,106.1881
,102.6314
,103.5049
,104.8398
,104.2762
,105.2187
,104.4724
,104.6451
,104.8552
,104.9692
,104.075
,105.5627
,105.8792
,105.2172
,104.8758
,103.6475
,102.318
,101.8933
,99.4468
,97.7243
,98.1202
,96.4224
,99.3327
,100.777
,101.0307
,100.0834
,101.5097
,101.5135
,101.9948
,101.5005
,102.1034
,102.5148
,101.6223
,100.6482
,99.6691
,98.7757
,96.9284
,96.1511
,96.5719
,96.6916
,96.3467
,97.102
,97.2896
,96.6508
,95.5268
,95.4362
,94.9501
,96.8975
,97.3105
,97.2366
,98.1576
,98.9287
,98.672
,98.3192
,98.3385
,98.4378
,99.6044
,99.4579
,99.5049
,101.4198
,102.7818
,102.6583
,103.119
,103.0829
,101.8419
,101.3764
,100.5817
,100.3048
,98.499
,98.2629
,99.8878
,100.7177
,99.589
,99.7482
,101.7412
,101.1868
,101.4904
,100.6352
,100.491
,99.3562
,102.1012
,103.1098
,103.8402
,104.7743
,104.6558
,106.6103
,107.1106
,105.2098
,104.8418
,104.8623
,105.0556
,104.9719
,104.7647
,104.9395
,104.3714
,106.5383
,107.2865
,107.6416
,108.7447
,108.8347
,108.5429
,108.7957
,108.5727
,108.3583
,108.4356
,108.3787
,107.6559
,107.207
,106.339
,105.2243
,105.2259
,104.5539
,105.5935
,105.3089
,105.6098
,104.0153
,102.6084
,102.9426
,102.287
,102.3533
,102.2523
,104.013
,105.1594
,105.3856
,105.9354
,106.7263
,104.9973
,104.8151
,105.222
,105.6041
,105.9613
,105.3964
,105.8433
,106.5309
,106.768
,106.4297
,108.0928
,108.7862
,108.5302
,110.0784
,110.569
,110.681
,110.2456
,110.2257
,110.5143
,109.2294
,107.8549
,109.2162
,110.1986
,112.3285
,112.3338
,113.6083
,113.6849
,113.1368
,113.5942
,113.547
,112.7908
,111.1788
,111.2418
,110.9778
,110.7179
,110.5442
,110.5163
,108.7761
,108.8255
,108.295
,108.1266
,108.8654
,108.8874
,108.8271
,108.9623
,108.8172
,108.8193
,107.8731
,107.8057
,107.7123
,107.2803
,106.6293
,106.7491
,106.4116
,106.4228
,105.1849
,105.3212
,103.5686
,103.6796
,104.7072
,105.1196
,104.0397
,104.7231
,102.7567
,103.3697
,106.2855
,106.8677
,107.2541
,106.1309
,106.152
,105.5663
,103.9297
,103.5237
,103.4111
,103.7408
,103.1529
,104.7371
,104.2689
,104.2503
,103.8648
,103.391
,103.6139
,103.826
,103.2534
,103.8188
,103.5511
,103.5393
,102.868
,103.1944
,102.6191
,103.0033
,102.4418
,102.2506
,101.9085
,101.2079
,101.8546
,101.7992
,102.2403
,101.7146
,101.0481
,100.2724
,99.8719
,99.7429
,99.5188
,97.7973
,97.1538
,93.8529
,97.572
,95.3435
,95.26
,96.422
,96.9662
,97.2496
,97.1641
,97.6268
,96.6311
,96.6377
,96.5667
,95.8039
,95.3403
,95.0867
,94.9181
,94.944
,94.1648
,95.1781
,95.2615
,96.1226
,96.2268
,96.6825
,96.3277
,96.2744
,95.5204
,96.2399
,96.3725
,95.9438
,95.5704
,95.0403
,94.7785
,95.2528
,95.7903
,97.352
,97.6149
,97.5888
,97.5362
,96.6215
,96.4476
,95.9101
,95.7608
,95.504
,94.7314
,94.7358
,93.9876
,93.5808
,92.3497
,91.6362
,90.1357
,90.1635
,90.5286
,90.1664
,90.2709
,89.3397
,91.1882
,91.2347
,90.9543
,90.5435
,90.0501
,90.746
,90.8589
,89.9973
,89.799
,90.9648
,90.4475
,91.0211
,90.5233
,89.9277
,90.5408
,90.4864
,89.9501
,89.2836
,88.6018
,88.5891
,88.4978
,88.9904
,88.8906
,89.1219
,88.8898
,87.9175
,88.0783
,87.5274
,87.6883
,86.7464
,87.625
,86.7929
,87.1611
,86.1726
,87.7628
,87.3317
,87.7973
,89.0802
,89.4426
,89.2661
,88.8697
,88.6949
,88.7379
,88.4806
,89.3931
,89.3141
,88.276
,88.7896
,88.5872
,88.6224
,88.2002
,87.8865
,87.1531
,86.9823
,86.3297
,85.8692
,87.7026
,87.7642
,87.4489
,86.9194
,85.5812
,85.7571
,86.2758
,85.9606
,86.3885
,86.0435
,85.591
,85.3715
,84.5496
,84.2614
,83.5921
,82.5944
,82.1289
,82.3248
,82.7354
,82.3562
,82.2374
,82.6567
,82.5266
,81.9033
,81.1712
,81.0978
,80.9422
,80.8372
,80.4516
,80.2539
,79.4676
,79.0811
,78.4438
,78.7876
,78.6548
,78.5618
,77.8286
,78.9728
,79.3914
,80.6656
,80.7616
,81.0883
,81.6217
,81.4291
,81.8571
,81.5568
,81.9337
,81.3312
,80.6672
,81.281
,80.5885
,80.1873
,80.4898
,80.2623
,80.9407
,80.8138
,80.5412
,80.1359
,80.4578
,81.0945
,81.6682
,81.6974
,81.4094
,80.88
,80.9115
,81.2572
,80.6406
,80.2445
,79.9096
,79.6322
,79.2103
,78.7931
,78.33
,78.8146
,78.4579
,77.9343
,77.7906
,77.9647
,77.7681
,77.6152
,77.3089
,76.6833
,77.1435
,77.5465
,77.6284
,78.0866
,78.8457
,79.1715
,79.3359
,79.6001
,79.4055
,78.6486
,79.1648
,79.8018
,79.6969
,79.5813
,79.2279
,79.7424
,79.7352
,79.672
,79.9104
,80.242
,80.4138
,79.8305
,80.1899
,80.2997
,79.508
,79.3202
,79.1498
,78.8891
,79.6889
,80.3788
,79.9962
,79.7879
,79.1417
,79.0815
,78.6424
,78.1501
,77.8
,77.6483
,78.3375
,79.2999
,79.259
,79.3349
,79.3826
,78.5273
,77.9651
,77.9565
,77.4286
,76.9204
,76.8357
,77.6009
,76.5604
,76.1444
,76.1186
,75.9464
,75.5768
,75.6253
,75.5785
,75.2549
,74.2147
,73.9094
,74.1111
,73.7622
,73.2915
,73.0567
,73.2558
,73.873
,73.9206
,74.2078
,74.2638
,74.1124
,73.7085
,73.7065
,72.7981
,72.9185
,72.0198
,71.9451
,71.9798
,70.8328
,70.2651
,70.2622
,70.1351
,70.0472
,69.884
,70.0991
,70.2852
,69.9252
,70.0008
,69.8881
,69.4778
,68.8753
,69.073
,68.808
,68.1351
,67.5488
,66.7265
,65.9999
,66.0237
,66.2364
,66.7888
,66.8934
,66.5076
,66.3291
,66.8784
,66.6861
,66.4041
,66.4865
,67.0393
,67.9665
,68.4496
,69.0308
,69.1585
,68.7209
,68.5425
,68.9211
,68.3805
,68.4824
,68.7126
,68.7063
,68.9248
,69.9427
,69.9459
,70.0019
,70.5816
,70.0632
,69.1866
,68.9661
,69.8154
,69.8143
,69.6656
,68.8848
,68.7995
,68.936
,68.5272
,68.5751
,68.3442
,68.4819
,68.0593
,68.4487
,69.2382
,69.3624
,69.0239
,69.4972
,70.0482
,69.8692
,69.659
,70.263
,70.1017
,70.0302
,70.3295
,70.68
,70.0052
,70.7817
,71.6233
,72.4388
,72.1487
,72.1133
,72.326
,72.239
,72.2696
,71.8064
,70.9687
,72.4265
,72.9939
,73.6085
,73.7565
,73.0535
,74.0003
,74.7981
,74.2943
,73.8144
,73.7258
,74.0809
,74.2084
,74.5749
,74.5897
,74.5548
,74.7124
,74.3607
,73.8042
,73.7588
,73.4058
,73.4842
,73.0808
,72.8393
,72.5227
,73.0331
,73.3032
,73.9799
,74.2266
,74.4336
,74.2379
,73.2877
,74.0695
,74.3683
,74.6355
,74.4512
,74.5626
,74.829
,73.9984
,73.0108
,73.0833
,73.2124
,73.1574
,74.0023
,73.525
,73.3122
,72.939
,72.6922
,72.2693
,72.7405
,72.1344
,73.3259
,73.8803
,74.0728
,74.1916
,72.5115
,73.174
,72.1439
,72.5238
,72.7936
,72.7149
,74.1328
,75.5508
,75.5546
,76.1536
,75.4771
,74.951
,76.9184
,77.092
,77.3455
,76.9253
,76.641
,76.6277
,76.0521
,75.9521
,76.3428
,76.2954
,76.0456
,76.2211
,74.3321
,75.2754
,74.9546
,75.1045
,74.7255
,74.4093
,75.7918
,76.6729
,76.5286
,75.8512
,75.3228
,75.3237
,74.4544
,74.8976
,74.6044
,74.2272
,73.8828
,74.0304
,73.7095
,72.9947
,71.9063
,69.8525
,69.1326
,69.7673
,69.9601
,69.9609
,69.1252
,68.925
,68.6155
,67.5691
,67.0015
,67.1057
,66.9495
,67.7432
,67.7009
,67.537
,67.1482
,65.7151
,65.6105
,65.0877
,64.3604
,64.8133
,65.4275
,65.5288
,65.2431
,64.47
,63.7074
,64.4233
,63.378
,62.9852
,63.7459
,64.8568
,64.3993
,64.4339
,66.1339
,67.2604
,66.9337
,66.7412
,67.548
,68.0717
,68.8276
,68.8319
,69.1361
,68.533
,67.2291
,66.161
,65.4557
,66.3628
,66.6512
,66.8472
,65.8496
,67.772
,67.8271
,66.2938
,65.4373
,65.4083
,66.8623
,67.7491
,68.3816
,68.9738
,71.8904
,71.9729
,74.1048
,74.2535
,74.7458
,73.9744
,75.2145
,74.1743
,75.0345
,75.4805
,74.5345
,74.1182
,75.4011
,76.3584
,76.6442
,77.4023
,77.5007
,76.7796
,77.2841
,77.8618
,77.7401
,76.3631
,75.5061
,75.6682
,74.6649
,74.1641
,74.332
,74.6781
,75.0377
,75.2075
,74.8165
,75.7167
,74.358
,73.1899
,73.5318
,73.1308
,73.0061
,71.7508
,70.6214
,69.7358
,71.6986
,73.3142
,73.8204
,74.4883
,73.9328
,71.3778
,74.8289
,74.6777
,74.9357
,75.2152
,75.8591
,75.8994
,76.0554
,74.1305
,76.053
,77.5656
,77.128
,76.2751
,76.5225
,78.1271
,78.1087
,79.1057
,77.887
,76.8741
,75.6428
,75.3274
,76.7127
,76.6805
,79.7572
,81.238
,81.8537
,83.0109
,84.1011
,83.7325
,83.4606
,83.6159
,83.932
,83.7001
,83.8626
,83.5037
,83.8475
,83.287
,82.4289
,81.2402
,80.2221
,80.2977
,80.3139
,79.5375
,79.1895
,79.6287
,79.1261
,78.0346
,77.5931
,79.6694
,81.036
,81.0588
,81.5686
,81.7787
,82.4418
,82.4078
,82.3253
,81.2636
,80.1411
,81.7367
,82.3468
,81.2494
,80.8104
,80.6496
,80.5581
,82.6405
,82.3818
,82.4535
,81.8661
,84.4609
,85.3839
,85.7294
,85.4638
,85.3485
,84.2245
,84.6363
,84.4667
,84.5536
,83.3546
,83.3971
,83.4744
,82.6397
,83.2316
,84.0077
,83.7637
,82.4621
,83.9738
,84.6113
,84.8923
,86.1444
,86.906
,87.4659
,86.6202
,85.2721
,84.9535
,84.2722
,84.116
,83.3956
,83.9434
,83.6199
,82.3533
,82.8497
,82.9626
,83.2962
,84.3182
,84.766
,85.1846
,84.2283
,84.2897
,83.2059
,83.7154
,83.8102
,83.3885
,83.0189
,82.6854
,82.255
,82.0739
,81.7986
,81.9726
,82.0104
,81.864
,81.3088
,81.2869
,80.0445
,78.8144
,78.268
,77.9829
,77.6842
,76.715
,76.3521
,76.6204
,76.4159
,76.0397
,75.9653
,75.6608
,75.3045
,75.5859
,75.5804
,75.8131
,76.008
,76.021
,75.9397
,75.0437
,74.2211
,74.5288
,74.1284
,74.294
,74.4544
,74.5025
,74.5876
,73.8128
,73.9938
,74.3636
,74.2924
,74.218
,74.0438
,74.0474
,74.0795
,73.9363
,74.2331
,73.9922
,74.02
,73.4383
,73.1256
,72.8723
,72.726
,72.8531
,72.8784
,72.5226
,72.1387
,72.5265
,72.3846
,72.1931
,72.3683
,72.6385
,72.8587
,72.4523
,72.2529
,72.3612
,71.4079
,71.682
,71.6821
,71.582
,71.495
,70.9471
,70.3808
,70.2453
,69.8483
,70.0134
,69.8961
,69.3104
,69.0821
,69.0525
,68.1195
,68.4275
,68.7087
,67.3697
,66.5356
,66.9675
,67.5422
,68.1078
,67.558
,67.5074
,67.165
,66.6541
,67.0875
,66.9264
,68.0292
,67.9358
,66.5924
,65.8562
,65.4656
,65.4039
,65.0174
,65.0908
,66.3723
,65.7774
,65.5948
,65.222
,67.7033
,67.8958
,67.4155
,66.3985
,66.1132
,67.0371
,66.3499
,66.5679
,65.7904
,64.864
,66.1412
,67.2521
,66.8021
,66.7529
,66.2719
,67.2323
,68.0344
,67.9814
,68.3853
,68.9064
,68.541
,68.0512
,68.454
,68.9431
,69.1273
,67.814
,66.6336
,65.7906
,67.5493
,67.3751
,66.8644
,66.7885
,67.9212
,68.5185
,68.6967
,69.3418
,69.3997
,68.1007
,68.1178
,67.59
,66.9563
,67.1298
,66.3772
,66.216
,65.4614
,64.9817
,63.2909
,61.0128
,62.2646
,63.2001
,64.4204
,65.0458
,65.3636
,65.6415
,65.1644
,63.9697
,65.1807
,66.0755
,66.0534
,66.9093
,67.1855
,66.77
,65.7504
,65.8741
,66.3871
,65.5681
,64.982
,64.6805
,64.5447
,64.0114
,63.9489
,63.4684
,63.0442
,62.375
,61.9754
,63.654
,63.309
,62.9874
,62.6215
,62.2695
,61.9606
,61.9425
,61.8566
,61.3644
,61.1734
,61.0214
,60.7394
,60.3507
,60.5083
,60.2353
,59.7982
,59.1082
,60.1029
,59.8224
,59.1344
,58.0742
,58.5899
,58.2212
,57.2281
,56.9553
,56.9431
,56.2903
,55.9657
,55.3169
,54.9099
,54.0352
,53.4532
,52.8932
,52.6432
,52.8208
,52.7335
,53.3319
,52.0546
,52.3818
,51.8735
,51.8558
,51.9759
,51.7939
,51.5
,51.0383
,52.1671
,51.7895
,52.0031
,52.0684
,52.0817
,51.769
,51.8471
,51.3416
,51.2488
,50.5719
,50.3304
,50.1929
,49.1743
,48.0502
,49.3347
,49.5275
,49.8814
,51.1081
,51.2436
,51.5236
,51.2406
,50.833
,50.7472
,50.6651
,50.3218
,50.6846
,50.997
,51.1327
,51.7669
,51.5632
,51.2617
,50.578
,52.1529
,51.8177
,51.9163
,51.8047
,51.5292
,51.046
,50.7888
,50.8747
,50.7373
,50.0781
,49.6459
,50.2208
,50.1173
,50.333
,50.3349
,49.7696
,49.3785
,48.9544
,48.7527
,48.0767
,48.6272
,48.4634
,48.6187
,48.6965
,47.9389
,48.2886
,48.8602
,48.5253
,48.8579
,48.7371
,48.0103
,47.5782
,47.3582
,47.2694
,48.0225
,48.3586
,48.6452
,48.2897
,49.0073
,48.2351
,47.5785
,47.6297
,47.2575
,47.0399
,46.9765
,47.174
,47.0816
,47.0349
,47.7131
,46.9144
,46.54
,46.2021
,45.7357
,45.8454
,45.421
,46.1403
,45.7706
,46.4633
,46.218
,46.7292
,46.7759
,46.2798
,46.5934
,46.2677
,45.6082
,44.6462
,44.0203
,43.1592
,42.6159
,42.8272
,43.2827
,43.1069
,42.3384
,41.8882
,43.2228
,43.3273
,43.8787
,43.3466
,43.4478
,43.4867
,43.1938
,43.866
,43.4431
,43.9775
,46.2403
,45.1796
,44.4792
,43.9317
,43.3221
,44.2908
,43.6292
,42.8546
,44.0535
,44.1263
,42.8712
,42.7458
,42.8958
,43.829
,41.9653
,41.8335
,39.2576
,40.2742
,41.7364
,40.9103
,42.4778
,42.2508
,40.4084
,38.446
,37.6463
,42.895
,41.0376
,42.3458
,44.891
,45.8588
,48.5999
,47.8039
,51.3449
,51.2994
,53.0987
,53.645
,53.0825
,53.5505
,52.8009
,52.8907
,54.3307
,54.4616
,54.8741
,55.0739
,56.0837
,56.1832
,55.593
,55.8525
,56.1437
,56.6034
,56.6194
,56.1376
,56.0931
,55.7358
,55.6957
,55.439
,54.9917
,53.9914
,54.3388
,54.2354
,54.4893
,54.0279
,54.0408
,54.3219
,53.6822
,53.3944
,53.5685
,53.8785
,54.4449
,54.3185
,54.0222
,54.1131
,53.8602
,53.6188
,53.3485
,52.7438
,52.6992
,52.3269
,53.3371
,53.3612
,53.2623
,53.2357
,53.5844
,53.5587
,53.1793
,53.2331
,53.4977
,53.5651
,53.4483
,53.2201
,52.823
,52.2265
,52.3885
,51.9371
,51.6608
,51.3884
,51.7165
,51.7574
,52.1739
,52.1758
,52.1391
,52.0831
,52.5202
,52.6551
,52.5541
,52.1819
,52.4058
,51.8055
,51.9749
,52.2197
,52.3017
,52.6458
,52.8598
,52.9216
,52.7507
,52.7747
,52.6691
,53.1469
,53.0273
,52.8708
,52.9846
,53.1065
,53.1953
,52.9263
,52.7875
,51.789
,51.8755
,51.8553
,51.9124
,51.7965
,51.5637
,51.1431
,50.8906
,50.3561
,50.3824
,49.8371
,50.1686
,49.6532
,49.7632
,50.0372
,50.3569
,50.5655
,50.9252
,50.9655
,50.501
,50.9665
,51.4523
,49.5049
,46.5793
,47.0925
,46.875
,47.6812
,47.7489
,47.5026
,47.7491
,47.6889
,47.1805
,46.9716
,46.9908
,46.866
,47.6846
,47.3071
,47.6385
,47.7229
,47.5602
,46.5352
,46.5543
,47.2066
,47.4791
,47.5458
,47.5876
,47.4579
,47.2855
,48.2849
,47.4873
,47.0773
,47.3788
,46.6536
,47.0393
,46.8464
,47.2759
,46.9379
,47.2517
,47.5006
,47.1099
,46.9859
,47.2682
,47.4019
,47.9665
,48.6995
,48.9859
,48.9022
,48.7139
,48.3958
,48.6231
,48.1232
,48.498
,48.5793
,49.5638
,50.258
,50.1794
,50.1515
,49.7716
,49.3756
,49.366
,49.2897
,48.996
,48.5922
,48.5317
,48.8821
,48.4036
,48.4502
,48.5141
,48.8909
,49.2907
,49.234
,49.653
,49.5439
,49.443
,49.4851
,50.041
,50.216
,49.6009
,49.5043
,48.9649
,48.8592
,48.7481
,48.4689
,47.927
,48.1288
,47.8968
,48.4883
,46.7549
,46.225
,45.9877
,45.5871
,45.8407
,46.2551
,46.2216
,46.3892
,46.9154
,47.1499
,47.5539
,47.768
,47.7229
,47.587
,47.4253
,47.7032
,47.0397
,47.0681
,47.5729
,47.9452
,47.687
,47.2601
,47.175
,47.2548
,47.4487
,47.3717
,47.4887
,47.1582
,47.3076
,47.3153
,47.1959
,46.981
,46.6551
,46.2936
,46.3096
,45.8064
,46.086
,46.2349
,46.5113
,46.5115
,46.6669
,46.3853
,46.5112
,46.2528
,45.9878
,45.3368
,45.2268
,45.3919
,45.1533
,44.6198
,44.4396
,44.5667
,44.5733
,44.296
,43.7049
,43.7567
,43.6851
,43.1958
,43.3006
,43.7705
,44.069
,44.2871
,44.3109
,44.5422
,44.8823
,45.183
,44.8555
,44.3637
,44.1172
,43.9509
,43.5103
,43.2035
,43.2329
,43.2665
,43.7855
,44.1054
,44.275
,44.1753
,44.2645
,44.3353
,44.3741
,44.3757
,44.6295
,44.192
,44.451
,44.7078
,44.669
,44.6935
,45.1689
,45.318
,45.3334
,45.6003
,46.0296
,45.9487
,45.8494
,45.4602
,45.3484
,45.313
,45.8127
,46.4699
,46.5653
,46.2921
,46.2157
,45.8628
,45.8382
,45.4228
,44.4437
,44.0545
,44.813
,44.4363
,45.0236
,45.4645
,45.5142
,45.5428
,45.1652
,44.633
,44.4178
,44.1062
,43.9282
,44.1877
,44.1911
,44.4665
,44.3022
,43.9766
,43.71
,43.845
,43.5524
,44.1023
,43.7198
,43.81
,43.85
,43.1171
,42.8528
,41.9306
,42.1527
,41.5634
,41.7228
,41.8934
,41.2102
,41.8448
,42.2254
,42.6098
,43.4351
,43.2515
,43.1784
,42.0772
,42.9547
,41.9931
,41.9164
,42.1007
,42.7151
,43.5984
,44.4205
,44.6596
,44.845
,45.3522
,45.6957
,45.3802
,46.5231
,46.9948
,47.3009
,47.6817
,48.2119
,47.5556
,47.2567
,47.8953
,48.7308
,48.7309
,48.4323
,48.7022
,49.163
,49.5414
,49.4987
,49.6369
,49.4611
,49.2514
,48.6583
,48.761
,48.6048
,48.3837
,48.1444
,47.8863
,48.162
,47.7677
,48.1197
,48.3109
,48.2043
,48.0329
,48.0192
,48.1229
,47.674
,48.265
,48.2668
,48.0705
,48.2232
,47.9672
,48.1091
,48.131
,47.8292
,47.4761
,46.9584
,47.2694
,47.1688
,46.796
,47.3626
,47.4669
,47.33
,47.2806
,46.9185
,46.6949
,46.5507
,46.4418
,46.0473
,45.7514
,45.8172
,45.4715
,45.7051
,46.0382
,46.0384
,46.2405
,45.8965
,46.0752
,45.8521
,46.1941
,46.6102
,46.6297
,46.6806
,46.6921
,46.4037
,46.3772
,46.2776
,46.0611
,45.4377
,45.791
,46.2936
,46.7453
,46.4314
,46.1664
,46.0973
,45.7053
,44.9205
,44.5882
,45.0447
,44.96
,45.5903
,45.8324
,45.8304
,45.8985
,45.8161
,46.058
,45.8115
,46.0353
,46.1987
,45.9842
,45.8291
,46.0162
,46.423
,46.3585
,45.9163
,45.9246
,45.6684
,45.8566
,45.7622
,45.5433
,45.5448
,45.3724
,45.565
,45.5742
,45.1852
,45.1019
,44.8579
,44.6607
,44.6744
,44.5188
,44.3133
,43.6392
,43.8922
,43.7299
,42.8589
,42.8956
,42.4293
,41.881
,42.2615
,42.4211
,42.2834
,42.1986
,42.5813
,43.2154
,43.1976
,43.168
,43.1646
,42.8256
,42.6226
,42.4853
,42.8249
,43.1863
,43.4761
,43.6216
,43.7346
,43.6298
,43.1378
,42.5132
,42.7113
,42.635
,42.7144
,42.9466
,43.1527
,43.2179
,43.1983
,42.7755
,42.9776
,42.3219
,42.3687
,43.0571
,43.6676
,44.8934
,44.8938
,44.8918
,45.31
,45.1246
,45.3295
,45.644
,45.7891
,45.9092
,45.2456
,45.0557
,44.811
,45.1435
,45.0602
,44.8982
,44.7981
,44.723
,44.813
,44.6544
,44.1072
,43.9237
,43.8511
,44.0453
,44.2977
,43.8786
,43.9602
,44.1143
,44.0927
,43.9254
,43.8332
,43.9035
,43.5965
,43.0731
,42.6119
,42.6097
,42.8721
,43.0751
,42.8027
,42.3686
,41.9862
,42.2472
,42.4191
,42.4195
,42.6016
,42.8964
,42.8953
,42.7038
,42.5955
,42.3461
,42.4111
,42.3903
,42.3849
,42.2027
,41.8798
,41.469
,41.7377
,41.9121
,42.1625
,42.2021
,42.051
,42.1968
,42.4219
,42.442
,42.4388
,42.4335
,42.1959
,42.2295
,41.8638
,41.6251
,41.6526
,41.8201
,41.8592
,42.0782
,42.1503
,42.1965
,42.1996
,41.9776
,41.5534
,41.6587
,41.4651
,41.4115
,41.1997
,41.2008
,41.0754
,40.9177
,40.659
,40.4635
,41.1104
,41.0216
,41.5579
,42.1447
,42.1747
,42.2549
,42.2254
,41.9728
,41.8746
,41.8537
,42.0057
,41.713
,41.3939
,41.2746
,40.8249
,40.7617
,40.5261
,40.7117
,40.4839
,40.3433
,39.9721
,40.4418
,40.0803
,39.9841
,39.7218
,39.7426
,39.9352
,40.0426
,40.1679
,39.7254
,39.3275
,39.3885
,40.0602
,40.615
,40.9032
,40.6241
,40.4307
,40.7686
,40.8371
,40.7545
,40.5241
,40.3421
,40.1413
,40.0758
,40.0444
,39.9436
,39.7729
,39.8442
,39.528
,39.644
,39.5038
,39.5849
,39.3091
,39.2034
,39.3134
,38.9992
,39.0762
,38.8788
,38.7575
,38.7437
,38.5957
,38.402
,38.4284
,38.4889
,38.8132
,39.1303
,39.1056
,39.152
,39.2961
,39.0665
,39.0056
,39.1042
,39.0799
,39.0069
,39.0801
,38.8185
,38.7054
,38.5089
,38.5761
,38.4372
,38.1456
,38.0466
,37.7915
,37.7726
,37.9005
,37.4522
,36.8408
,36.9611
,37.2391
,37.4612
,37.7636
,38.1886
,38.4042
,38.2789
,38.0429
,38.1868
,38.1331
,37.7357
,37.6089
,37.5239
,37.7064
,37.5841
,37.5727
,37.4136
,37.4758
,37.4489
,37.3847
,37.1764
,36.7325
,36.8038
,36.489
,36.4412
,36.5094
,36.6936
,36.8213
,36.9007
,36.6778
,36.6454
,36.7785
,36.7997
,36.5586
,36.2991
,36.3577
,36.1291
,36.0397
,35.9497
,36.0363
,35.9047
,35.7299
,35.8909
,35.9269
,35.8451
,35.751
,35.4595
,35.2493
,34.6742
,34.5838
,34.4506
,34.3356
,34.4305
,34.2938
,34.4318
,34.7051
,34.53
,34.478
,34.5983
,34.5787
,34.7434
,34.7032
,34.5605
,34.3374
,33.9591
,34.2981
,34.3026
,34.2666
,34.1633
,34.2462
,34.2879
,34.2516
,34.0524
,33.9741
,33.9805
,33.4018
,33.6873
,33.6921
,33.4747
,32.9095
,32.5012
,32.4128
,32.6848
,32.6117
,32.4342
,32.4397
,32.4258
,32.4691
,32.4137
,32.1411
,31.9912
,32.0693
,32.0326
,31.8272
,31.9537
,31.9456
,31.8709
,31.7307
,31.384
,31.1393
,30.8257
,31.1878
,31.2633
,31.5778
,31.6173
,31.8054
,32.0919
,32.0776
,32.1576
,32.3619
,32.25
,32.5093
,32.6371
,32.0904
,32.2736
,32.2203
,32.1706
,32.6471
,32.7938
,32.3852
,32.2954
,32.2696
,31.6558
,31.8969
,31.7987
,31.465
,32.0324
,31.9725
,32.0917
,31.9294
,33.0425
,33.9122
,33.7079
,34.1794
,34.1912
,34.1118
,34.6874
,34.8763
,35.3692
,35.2742
,35.1056
,35.19
,35.0645
,35.0094
,35.0213
,34.8173
,34.7616
,34.8396
,34.3414
,34.7682
,34.7014
,35.1907
,35.1869
,35.2964
,35.3256
,35.3535
,35.2722
,34.5758
,34.3278
,34.8625
,34.7497
,34.7529
,34.9991
,35.0227
,34.6859
,34.6832
,34.7558
,34.8283
,34.6304
,34.5255
,34.5872
,35.1591
,35.3805
,35.1675
,35.2977
,34.9656
,34.8799
,34.8669
,34.726
,34.3049
,34.3923
,34.3744
,34.4618
,34.3065
,34.2859
,34.4209
,34.4924
,34.3508
,34.3404
,34.4515
,34.3164
,34.2988
,34.7366
,34.8229
,34.6599
,34.3186
,34.2669
,34.7268
,34.7983
,34.7703
,34.7497
,34.2683
,34.0496
,34.2216
,33.8753
,33.6839
,33.7924
,33.4857
,33.468
,33.5625
,33.4704
,33.3
,33.343
,33.1952
,32.7291
,32.7902
,32.8067
,32.927
,32.8312
,32.8316
,32.5781
,32.2537
,32.0321
,31.8532
,32.4123
,32.3207
,32.4078
,32.419
,32.2788
,32.2203
,32.3829
,32.1206
,32.0592
,32.2419
,32.3337
,32.5067
,32.5025
,32.3609
,32.354
,32.4416
,32.4008
,32.2497
,32.3577
,32.2214
,31.8498
,31.3403
,30.7811
,30.9309
,31.0005
,31.0627
,31.3772
,31.4794
,31.3438
,31.161
,31.3966
,31.2078
,31.219
,31.123
,30.7528
,30.8117
,30.6917
,30.7931
,30.9972
,30.9525
,30.8209
,31.2075
,31.1508
,30.7373
,30.9638
,31.058
,31.1638
,31.1123
,30.947
,30.4671
,30.2098
,29.9438
,29.8722
,30.0595
,29.9676
,30.3538
,30.3141
,30.3426
,30.2039
,29.858
,29.9016
,30.2639
,30.256
,30.1955
,29.6795
,29.4553
,29.3725
,29.3713
,29.7399
,29.6476
,29.5812
,29.5713
,29.5397
,29.5697
,29.5679
,29.2089
,28.7737
,28.1303
,28.0774
,28.0521
,28.2435
,28.6382
,29.0003
,28.8974
,28.8928
,28.6926
,28.5158
,29.0124
,28.5467
,28.6778
,29.6319
,29.8739
,30.2905
,30.5141
,30.15
,29.9633
,30.2285
,30.6624
,30.6268
,29.9832
,30.1079
,29.9893
,29.7542
,29.2132
,29.3219
,29.6193
,29.358
,30.0061
,30.4179
,30.6532
,30.6696
,30.8995
,31.11
,30.9356
,31.4329
,31.4237
,31.4808
,31.9147
,31.7424
,31.5605
,31.6454
,31.523
,31.3257
,31.2991
,31.0584
,31.0622
,31.0875
,31.265
,30.8023
,30.6459
,30.4039
,30.2825
,30.5499
,30.3766
,30.6797
,30.8644
,30.7805
,30.986
,31.1498
,31.2789
,31.1953
,31.2358
,31.0137
,31.0188
,31.1561
,31.2654
,31.1586
,30.6824
,30.7813
,30.5676
,30.5901
,30.5802
,30.9535
,31.0676
,31.2215
,31.7151
,31.877
,31.8613
,32.0137
,31.9364
,32.1179
,32.2086
,32.197
,32.3006
,32.2841
,32.394
,32.2097
,32.1644
,32.018
,31.9508
,31.9182
,32.0015
,32.0619
,32.0108
,32.1395
,32.0778
,32.0854
,31.6707
,31.6634
,31.5043
,31.4118
,31.6422
,31.4679
,31.3324
,31.8538
,31.7732
,31.3223
,31.2733
,31.3515
,31.1477
,31.1556
,31.1632
,30.6846
,30.5063
,30.918
,31.5328
,31.1915
,31.1741
,31.7904
,31.8836
,31.8271
,31.0287
,31.3289
,31.2214
,33.2579
,33.4963
,33.9152
,33.646
,33.5512
,33.5072
,32.8864
,32.8422
,33.2314
,33.3264
,33.4199
,33.3743
,33.2522
,32.8123
,32.4681
,32.467
,32.3404
,32.2103
,31.9281
,31.928
,32.3235
,32.3357
,32.4932
,32.3062
,32.8068
,32.7746
,32.751
,32.3862
,32.1318
,32.1829
,31.8118
,31.6663
,31.7819
,32.1924
,32.1055
,32.0196
,32.0166
,31.9387
,31.6504
,31.4268
,31.7973
,31.7998
,31.6101
,31.6685
,31.5446
,31.1488
,31.0028
,30.5807
,30.2884
,30.2065
,30.0924
,30.2249
,30.6897
,30.29
,30.4278
,30.7798
,30.815
,30.7576
,31.1166
,31.6586
,31.8416
,31.3662
,31.4793
,31.7168
,31.9221
,32.0902
,31.9179
,31.865
,31.6987
,31.7115
,31.4703
,31.1969
,31.1284
,30.732
,31.2258
,30.7078
,30.1706
,30.494
,31.3228
,31.2359
,30.8966
,30.829
,30.6372
,30.3803
,30.8648
,31.4737
,31.5142
,31.5093
,31.8738
,32.3058
,32.8264
,33.0515
,33.2823
,33.136
,33.1982
,32.9273
,32.6857
,32.6869
,32.3301
,31.9463
,31.906
,31.4144
,31.3885
,31.8863
,32.1688
,32.2228
,32.3691
,32.4866
,32.5553
,32.5896
,32.2082
,32.3025
,32.6953
,32.4226
,32.4392
,32.6533
,33.0907
,32.6889
,32.7511
,32.332
,31.61
,31.1419
,31.5283
,31.6726
,31.6449
,31.7886
,31.9522
,31.8978
,31.4458
,31.418
,31.1078
,30.7771
,30.3335
,30.2365
,30.5713
,30.8805
,30.8819
,31.1223
,31.3209
,31.2553
,31.5677
,31.6708
,31.7096
,31.2909
,31.1537
,31.1253
,31.0859
,30.9549
,30.8147
,30.6178
,30.1817
,30.0581
,30.0342
,29.8206
,29.7028
,29.2748
,29.2677
,29.9841
,29.9872
,29.5761
,29.4276
,29.1987
,29.0845
,28.8359
,28.7047
,28.9268
,29.0177
,28.794
,28.6529
,27.9985
,28.1571
,28.6602
,28.6958
,28.9082
,28.8866
,28.8865
,29.1879
,29.3389
,29.3911
,29.2435
,29.0315
,28.983
,29.0311
,28.7032
,28.7161
,28.7035
,29.0243
,28.9801
,28.8198
,28.7373
,28.71
,28.6139
,28.4932
,28.3492
,28.3193
,28.2391
,28.0042
,28.0049
,27.8847
,27.7722
,27.7075
,27.2917
,27.0544
,26.971
,26.8094
,26.5601
,26.2067
,25.9058
,25.5407
,25.544
,26.0296
,26.1395
,25.9356
,26.3647
,26.0109
,26.1357
,26.4262
,26.5027
,26.3527
,26.1973
,26.0441
,26.3201
,26.4886
,26.8572
,26.9457
,26.7414
,26.304
,26.2875
,26.9339
,27.0259
,26.9513
,26.6955
,26.7198
,26.6756
,26.3654
,26.3266
,26.2996
,26.1127
,25.8567
,25.6427
,25.6423
,25.4898
,25.5033
,25.3697
,25.2649
,25.1107
,25.0309
,24.7553
,24.5198
,24.3864
,24.3387
,24.0808
,23.8891
,24.1782
,24.2479
,24.3007
,24.1119
,23.9306
,24.3442
,24.4922
,24.379
,24.4078
,24.3907
,24.3382
,24.4144
,24.3276
,24.2664
,24.2263
,23.901
,23.6
,23.2051
,23.2346
,23.5146
,23.4313
,23.7186
,24.275
,24.2967
,24.1979
,24.016
,23.6544
,23.4051
,23.056
,22.8592
,22.8644
,22.868
,22.735
,22.712
,22.8413
,22.9573
,22.962
,22.6519
,22.6572
,22.9122
,22.7528
,22.9365
,22.7465
,22.532
,22.3183
,22.2
,22.1067
,21.9387
,21.5867
,21.443
,21.5662
,21.5816
,21.5244
,21.6334
,21.4746
,21.2438
,21.1322
,20.9973
,20.6892
,20.4944
,20.4753
,20.553
,20.4204
,20.0994
,19.706
,19.6396
,19.6623
,19.615
,19.6001
,19.5769
,19.6588
,19.7565
,19.6863
,19.8523
,19.6741
,19.5891
,19.4383
,19.2266
,19.4304
,19.4665
,19.5023
,19.4787
,19.227
,19.2274
,19.3331
,19.3511
,19.2809
,19.4192
,19.3006
,19.1714
,19.1321
,19.1559
,19.0559
,18.8267
,18.8054
,18.8426
,18.7905
,18.6636
,18.6354
,18.6535
,18.5457
,18.5498
,18.4912
,18.338
,18.1757
,18.0637
,17.9248
,17.9986
,17.8435
,17.7507
,17.6829
,17.534
,17.3602
,17.4558
,17.3448
,17.1245
,17.0933
,16.9622
,17.1504
,17.0838
,17.0094
,17.0349
,16.9746
,16.9623
,16.886
,16.8643
,16.9655
,16.8303
,16.9315
,16.9029
,16.949
,17.2293
,17.459
,17.4253
,17.4136
,17.432
,17.2904
,17.5559
,17.6156
,17.4504
,17.4915
,17.347
,17.3968
,17.4401
,17.3428
,17.3726
,17.3062
,17.2465
,17.4606
,17.4279
,17.3906
,17.4295
,17.2918
,17.2848
,17.3223
,17.3408
,17.1041
,17.1442
,16.9528
,16.9674
,16.9744
,17.1221
,17.1614
,17.1309
,17.1451
,17.0086
,16.979
,16.8619
,17.0192
,17.0194
,16.8709
,16.7602
,16.6986
,16.6084
,16.5718
,16.2897
,16.1933
,16.444
,16.5334
,16.5226
,16.2613
,16.17
,16.237
,16.24
,16.2705
,16.3104
,16.3485
,16.2853
,16.2955
,16.2736
,16.1802
,16.1585
,15.8194
,15.8675
,15.9415
,15.8677
,15.877
,15.8894
,15.7809
,15.5453
,15.679
,15.7324
,15.7415
,15.6447
,15.6088
,15.3869
,15.3439
,15.2672
,15.1916
,14.9575
,14.8343
,14.9389
,14.9804
,14.9967
,15.0645
,14.9949
,15.2064
,15.3962
,14.9935
,14.9042
,14.8783
,14.8914
,14.8835
,14.9458
,14.8613
,14.4284
,14.3129
,14.0106
,13.9014
,14.2365
,14.1497
,13.8991
,13.6318
,13.7614
,14.1695
,14.066
,13.8944
,13.8249
,13.9956
,14.102
,14.3818
,14.803
,14.7677
,14.5806
,14.3894
,14.2345
,14.3633
,14.6753
,14.6639
,14.7515
,14.7567
,14.806
,14.9306
,15.025
,15.0259
,15.1837
,15.3502
,15.3172
,15.3425
,15.4558
,15.3551
,15.4107
,15.661
,15.6022
,15.4709
,15.273
,15.2741
,15.0639
,15.1472
,15.0843
,14.8874
,15.0405
,15.0643
,14.9322
,14.5856
,14.4661
,14.4939
,14.4707
,14.7306
,14.7284
,15.0209
,14.9532
,14.9613
,14.8852
,14.6936
,14.8527
,14.9065
,15.1368
,15.2015
,15.2391
,15.2456
,15.2142
,15.2578
,15.4335
,15.6604
,15.5996
,15.5632
,15.508
,15.3594
,15.2194
,15.4089
,15.4753
,15.5963
,15.6811
,15.5917
,15.5617
,15.2336
,15.1284
,15.3358
,15.2634
,15.3597
,15.2704
,15.1497
,15.0518
,15.1032
,14.8945
,14.8289
,14.7058
,14.7586
,14.5801
,14.6259
,14.4401
,14.267
,14.2436
,13.985
,14.0426
,14.0994
,13.9826
,13.9389
,14.0224
,0.0
,14.0479
,14.0601
,14.2929
,14.3768
,14.231
,14.1991
,14.0945
,14.0211
,14.0638
,14.1287
,14.1918
,14.3756
,14.5716
,14.6503
,14.6688
,14.5384
,14.69
,14.7309
,14.6971
,14.4921
,14.3669
,14.3051
,14.1535
,14.238
,14.1092
,14.2879
,14.2049
,14.401
,14.4423
,14.4163
,14.6159
,14.6114
,14.4915
,14.4666
,14.5047
,14.6106
,14.5546
,14.5489
,14.6145
,14.6822
,14.7026
,14.6435
,14.7065
,14.6961
,14.7326
,14.7706
,14.7946
,14.7769
,14.7695
,14.6124
,14.6961
,14.7072
,14.7538
,14.7954
,14.8214
,14.8752
,14.9813
,14.9767
,14.8886
,15.0619
,15.0517
,15.1146
,15.0913
,15.0702
,15.0737
,15.0253
